source,area,key,matches,indices,schedules,pass
comp220_lists.tpa,BD1100,BDUMBER1@3000@2235,1,14,0x00000000,1
comp220_lists.tpa,BD1100,BDSHZOM1@3247@971,1,22,0x00000000,1
comp220_lists.tpa,BD1100,ZOMBIE@3265@1026,1,23,0x00000000,1
comp220_lists.tpa,BD1100,BDSHZOM1@3278@1000,1,24,0x00000000,1
comp220_lists.tpa,BD1100,ZOMBIE@3334@1054,1,25,0x00000000,1
comp220_lists.tpa,BD1100,ZOMBIE@2363@1358,1,28,0x00000000,1
comp220_lists.tpa,BD1100,BDSHZOM1@2498@1416,1,29,0x00000000,1
comp220_lists.tpa,BD1100,BDWIGHT1@2405@1393,1,32,0x00000000,1
comp220_lists.tpa,BD1100,GHAST@3302@1016,1,33,0x00000000,1
comp220_lists.tpa,BD1100,GHOUL@3317@1063,1,34,0x00000000,1
comp220_lists.tpa,BD1100,BDWIGHT3@1523@2478,1,35,0x00000000,1
comp220_lists.tpa,BD1100,BDWIGHT3@1505@2539,1,36,0x00000000,1
comp220_lists.tpa,BD1100,GHOUL@1565@2519,1,37,0x00000000,1
comp220_lists.tpa,BD1100,GHOUL@1661@2507,1,38,0x00000000,1
comp220_lists.tpa,BD1100,BDGHAST@1641@2558,1,39,0x00000000,1
comp220_lists.tpa,BD1100,ZOMBIE@3000@1596,1,40,0x00000000,1
comp220_lists.tpa,BD1100,BDSHZOM1@2959@1645,1,41,0x00000000,1
comp220_lists.tpa,BD1100,ZOMBIE@2922@1616,1,42,0x00000000,1
comp220_lists.tpa,BD1100,BDSHZOM1@2891@1653,1,43,0x00000000,1
comp220_lists.tpa,BD1100,CARRIO@2062@1935,1,44,0x00000000,1
comp220_lists.tpa,BD1100,CARRIO@2151@1873,1,45,0x00000000,1
comp220_lists.tpa,BD1100,BDCCRAW1@2326@854,1,49,0x00000000,1
comp220_lists.tpa,BD1100,BDCCRAW1@2329@762,1,50,0x00000000,1
comp220_lists.tpa,BD1100,BDCCRAW1@2374@812,1,51,0x00000000,1
comp220_lists.tpa,BD1100,BDMCARRI@2394@794,1,52,0x00000000,1
comp220_lists.tpa,BD1100,BDMCARRI@2369@842,1,53,0x00000000,1
comp220_lists.tpa,BD1100,BDCCRAW1@2407@745,1,54,0x00000000,1
comp220_lists.tpa,BD1100,BDMCARRI@2367@754,1,55,0x00000000,1
comp220_lists.tpa,BD1100,BDOTYG02@2210@871,1,56,0x00000000,1
comp220_lists.tpa,BD1100,BDMCARRI@2309@809,1,57,0x00000000,1
comp220_lists.tpa,BD1100,BDMCARRI@2447@786,1,58,0x00000000,1
comp220_lists.tpa,BD1100,BDOTYG01@2209@819,1,59,0x00000000,1
comp220_lists.tpa,BD1100,BDCCRAW1@2944@2211,1,60,0x00000000,1
comp220_lists.tpa,BD1100,BDCCRAW1@2977@2305,1,61,0x00000000,1
comp220_lists.tpa,BD1100,BDMCARRI@3000@2286,1,62,0x00000000,1
comp220_lists.tpa,BD1100,BDMCARRI@3034@2187,1,63,0x00000000,1
comp220_lists.tpa,BD1100,BDMCARRI@3069@2213,1,64,0x00000000,1
comp220_lists.tpa,BD1100,BDMCARRI@3060@2273,1,65,0x00000000,1
comp220_lists.tpa,BD1100,BDMCARRI@2167@1931,1,66,0x00000000,1
comp220_lists.tpa,BD1100,BDMCARRI@2121@1815,1,67,0x00000000,1
comp220_lists.tpa,BD1100,BDMCARRI@2225@1996,1,68,0x00000000,1
comp220_lists.tpa,BD1100,BDWIGHT3@1608@2510,1,69,0x00000000,1
comp220_lists.tpa,BD1100,BDGHASTG@1691@2542,1,70,0x00000000,1
comp220_lists.tpa,BD1100,BDWIGHT2@1717@2524,1,71,0x00000000,1
comp220_lists.tpa,BD1100,BDWIGHT1@2409@1339,1,72,0x00000000,1
comp220_lists.tpa,BD1100,BDGHASTG@2446@1301,1,73,0x00000000,1
comp220_lists.tpa,BD1100,BDWIGHT2@2493@1282,1,74,0x00000000,1
comp220_lists.tpa,BD1100,BDWIGHT1@3216@977,1,75,0x00000000,1
comp220_lists.tpa,BD1100,BDWIGHT3@3175@991,1,76,0x00000000,1
comp220_lists.tpa,BD1100,GHOUL@1101@1829,1,77,0x00000000,1
comp220_lists.tpa,BD1100,BDSHZOM1@1024@1860,1,78,0x00000000,1
comp220_lists.tpa,BD1100,BDSHZOM1@1109@1885,1,79,0x00000000,1
comp220_lists.tpa,BD1100,BDSHZOM1@1219@1764,1,80,0x00000000,1
comp220_lists.tpa,BD1100,GHOUL@1111@1789,1,82,0x00000000,1
comp220_lists.tpa,BD1100,SKELDED@2487@2432,1,84,0x00000000,1
comp220_lists.tpa,BD1100,SKELDED@3108@2195,1,85,0x00000000,1
comp220_lists.tpa,BD1100,BDGHASTG@2895@1622,1,87,0x00000000,1
comp220_lists.tpa,BD1100,BDGHASTG@3095@1598,1,88,0x00000000,1
comp220_lists.tpa,BD1100,BDWIGHT3@3109@986,1,89,0x00000000,1
comp220_lists.tpa,BD1100,GHOUL@2991@1623,1,90,0x00000000,1
comp220_lists.tpa,BD1100,GHOUL@3048@1591,1,91,0x00000000,1
comp220_lists.tpa,BD1100,GHAST@2966@1608,1,92,0x00000000,1
comp220_lists.tpa,BD1100,GHAST@2864@1629,1,93,0x00000000,1
comp220_lists.tpa,BD1100,GHAST@3101@1581,1,94,0x00000000,1
comp220_lists.tpa,BD1100,GHAST@3161@1602,1,95,0x00000000,1
comp220_lists.tpa,BD1100,GHAST@3218@1614,1,96,0x00000000,1
comp220_lists.tpa,BD1100,BDGHASTG@3141@999,1,97,0x00000000,1
comp220_lists.tpa,BD1100,GHAST@3184@966,1,98,0x00000000,1
comp220_lists.tpa,BD1100,GHAST@3326@1098,1,99,0x00000000,1
comp220_lists.tpa,BD1200,BDDEAD01@3533@1643,1,4,0x00000000,1
comp220_lists.tpa,BD1200,BDDEAD01@3482@1682,1,5,0x00000000,1
comp220_lists.tpa,BD1200,BDDEAD01@3315@1772,1,6,0x00000000,1
comp220_lists.tpa,BD1200,BDDEAD01@3235@1804,1,7,0x00000000,1
comp220_lists.tpa,BD1200,BDSKGR03@1489@991,1,8,0x00000000,1
comp220_lists.tpa,BD1200,BDSKGR05@1269@2557,1,9,0x00000000,1
comp220_lists.tpa,BD1200,BDSKGR05@1218@2582,1,10,0x00000000,1
comp220_lists.tpa,BD1200,BDSKGR01@1656@936,1,11,0x00000000,1
comp220_lists.tpa,BD1200,BDSKGR02@1393@1084,1,12,0x00000000,1
comp220_lists.tpa,BD1200,BDBONBAT@1474@1046,1,13,0x00000000,1
comp220_lists.tpa,BD1200,BDBONBAT@1600@1006,1,14,0x00000000,1
comp220_lists.tpa,BD1200,GHOUL@2033@1279,1,15,0x00000000,1
comp220_lists.tpa,BD1200,BDSKGR04@2312@2454,1,16,0x00000000,1
comp220_lists.tpa,BD1200,BDSKGR04@2202@2377,1,17,0x00000000,1
comp220_lists.tpa,BD1200,BDSKGR04@1430@2031,1,21,0x00000000,1
comp220_lists.tpa,BD1200,BDSHSOUL@1430@955,1,22,0x00000000,1
comp220_lists.tpa,BD1200,BDSHZOM1@1981@1348,1,23,0x00000000,1
comp220_lists.tpa,BD1200,BDSHZOM1@2245@1146,1,24,0x00000000,1
comp220_lists.tpa,BD1200,BDWIGHT1@2561@1636,1,27,0x00000000,1
comp220_lists.tpa,BD1200,BDBONBAT@2523@1929,1,28,0x00000000,1
comp220_lists.tpa,BD1200,BDBONBAT@2355@1828,1,29,0x00000000,1
comp220_lists.tpa,BD1200,BDBONBAT@2563@2002,1,30,0x00000000,1
comp220_lists.tpa,BD1200,SKELDED@973@1582,1,31,0x00000000,1
comp220_lists.tpa,BD1200,SKELDED@1149@1696,1,32,0x00000000,1
comp220_lists.tpa,BD1200,BDDEAD01@3039@986,1,33,0x00000000,1
comp220_lists.tpa,BD1200,BDDEAD01@3102@1036,1,34,0x00000000,1
comp220_lists.tpa,BD1200,BDWIGHT2@3129@936,1,35,0x00000000,1
comp220_lists.tpa,BD1200,BDWIGHT2@3262@999,1,36,0x00000000,1
comp220_lists.tpa,BD1200,BDBONBAT@3339@1688,1,37,0x00000000,1
comp220_lists.tpa,BD1200,BDBONBAT@3396@1665,1,38,0x00000000,1
comp220_lists.tpa,BD1200,SKELDED@2148@1932,1,39,0x00000000,1
comp220_lists.tpa,BD1200,SKELDED@1730@1736,1,40,0x00000000,1
comp220_lists.tpa,BD1200,BDSKGR04@2303@2421,1,45,0x00000000,1
comp220_lists.tpa,BD1200,BDWIGHT1@2191@1167,1,46,0x00000000,1
comp220_lists.tpa,BD1200,BDSHZOM1@1918@1289,1,47,0x00000000,1
comp220_lists.tpa,BD1200,BDSHZOM1@2117@1171,1,48,0x00000000,1
comp220_lists.tpa,BD1200,BDWIGHT3@2719@2175,1,49,0x00000000,1
comp220_lists.tpa,BD1200,BDWIGHT3@2412@1813,1,50,0x00000000,1
comp220_lists.tpa,BD1200,BDWIGHT3@2665@1992,1,51,0x00000000,1
comp220_lists.tpa,BD1200,BDSKGR04@1397@2179,1,53,0x00000000,1
comp220_lists.tpa,BD1200,ZOMBIE@1855@1360,1,58,0x00000000,1
comp220_lists.tpa,BD1200,ZOMBIE@2184@1248,1,59,0x00000000,1
comp220_lists.tpa,BD1200,BDSHSOUL@1458@2150,1,61,0x00000000,1
comp220_lists.tpa,BD1200,BDBONBAT@1133@2188,1,62,0x00000000,1
comp220_lists.tpa,BD1200,BDBONBAT@1536@2056,1,63,0x00000000,1
comp220_lists.tpa,BD1200,GHOUL@1914@2679,1,66,0x00000000,1
comp220_lists.tpa,BD1200,BDWIGHT1@1851@2590,1,67,0x00000000,1
comp220_lists.tpa,BD1200,BDWIGHT1@1913@2562,1,68,0x00000000,1
comp220_lists.tpa,BD1200,BDWIGHT2@1972@2654,1,69,0x00000000,1
comp220_lists.tpa,BD1200,GHAST@2037@2576,1,75,0x00000000,1
comp220_lists.tpa,BD1200,GHOUL@1839@2711,1,76,0x00000000,1
comp220_lists.tpa,BD1200,BDSKGR04@2356@2407,1,77,0x00000000,1
comp220_lists.tpa,BD1200,BDMUMM01@1865@2654,1,79,0x00000000,1
comp220_lists.tpa,BD1200,BDGHASTG@2296@1806,1,80,0x00000000,1
comp220_lists.tpa,BD1200,BDWIGHT2@2801@2074,1,81,0x00000000,1
comp220_lists.tpa,BD1200,BDWIGHT1@2741@1838,1,82,0x00000000,1
comp220_lists.tpa,BD1200,BDSHSOUL@2639@1694,1,83,0x00000000,1
comp220_lists.tpa,BD1200,BDSHSOUL@2912@1826,1,84,0x00000000,1
comp220_lists.tpa,BD1200,BDBONBAT@2973@1922,1,85,0x00000000,1
comp220_lists.tpa,BD1200,BDBONBAT@2933@2175,1,86,0x00000000,1
comp220_lists.tpa,BD1200,BDSKGR03@1309@1122,1,87,0x00000000,1
comp220_lists.tpa,BD1200,BDSKGR03@1817@862,1,88,0x00000000,1
comp220_lists.tpa,BD1200,BDSHSOUL@1703@903,1,89,0x00000000,1
comp220_lists.tpa,BD1200,BDSKGR01@1586@960,1,90,0x00000000,1
comp220_lists.tpa,BD1200,BDSHAD04@1844@1428,1,91,0x00000000,1
comp220_lists.tpa,BD1200,BDSHAD04@2261@1220,1,92,0x00000000,1
comp220_lists.tpa,BD1200,BDWRAI02@2380@1135,1,93,0x00000000,1
comp220_lists.tpa,BD1200,BDWRAI02@1749@1498,1,94,0x00000000,1
comp220_lists.tpa,BD1200,BDDEAD01@2992@945,1,97,0x00000000,1
comp220_lists.tpa,BD1200,BDBONBAT@3060@927,1,98,0x00000000,1
comp220_lists.tpa,BD1200,BDBONBAT@3252@1044,1,99,0x00000000,1
comp220_lists.tpa,BD1200,BDSHADGR@3213@970,1,100,0x00000000,1
comp220_lists.tpa,BD1200,BDDEAD01@3171@1086,1,101,0x00000000,1
comp220_lists.tpa,BD1200,BDSHSOUL@3457@1782,1,102,0x00000000,1
comp220_lists.tpa,BD1200,BDDEAD01@3291@1733,1,103,0x00000000,1
comp220_lists.tpa,BD1200,BDDEAD01@3471@1632,1,104,0x00000000,1
comp220_lists.tpa,BD1200,BDSKGR03@3305@1644,1,105,0x00000000,1
comp220_lists.tpa,BD1200,BDSKGR04@2338@1105,1,106,0x00000000,1
comp220_lists.tpa,BD1200,BDSKGR04@1916@1403,1,107,0x00000000,1
comp220_lists.tpa,BD1200,BDSHSOUL@3495@1820,1,110,0x00000000,1
comp220_lists.tpa,BD1200,BDBONBAT@2974@894,1,111,0x00000000,1
comp220_lists.tpa,BD1200,BDBONBAT@3334@1087,1,112,0x00000000,1
comp220_lists.tpa,BD1200,BDBONBAT@1911@826,1,113,0x00000000,1
comp220_lists.tpa,BD1200,BDBONBAT@1292@1164,1,114,0x00000000,1
comp220_lists.tpa,BD1200,BDSHSOUL@1418@1051,1,115,0x00000000,1
comp220_lists.tpa,BD1200,BDSHSOUL@3267@1766,1,116,0x00000000,1
comp220_lists.tpa,BD1200,BDSHSOUL@3576@1614,1,117,0x00000000,1
comp220_lists.tpa,BD1200,BDSKGR05@1235@2557,1,118,0x00000000,1
comp220_lists.tpa,BD1200,BDSKGR05@1238@2619,1,119,0x00000000,1
comp220_lists.tpa,BD1200,BDSKGR05@1340@2593,1,120,0x00000000,1
comp220_lists.tpa,BD1200,BDSKGR06@1232@2515,1,121,0x00000000,1
comp220_lists.tpa,BD1200,BDSKGR06@1185@2540,1,122,0x00000000,1
comp220_lists.tpa,BD1200,BDSKGR06@1204@2504,1,123,0x00000000,1
comp220_lists.tpa,BD1200,BDSKGR06@1165@2526,1,124,0x00000000,1
comp220_lists.tpa,BD1200,BDSKGR07@1406@929,1,125,0x00000000,1
comp220_lists.tpa,BD1200,BDSKGR07@1218@2537,1,126,0x00000000,1
comp220_lists.tpa,BD1200,BDUNSLGU@2753@2034,1,127,0x00000000,1
comp220_lists.tpa,BD1200,BDWRAI02@2384@1867,1,128,0x00000000,1
comp220_lists.tpa,BD1200,BDSHADGR@2588@1963,1,129,0x00000000,1
comp220_lists.tpa,BD1200,BDWIGHDD@2474@1951,1,130,0x00000000,1
comp230_lists.tpa,BD7100,TROLLSM@938@1512,1,35,0x00000000,1
comp230_lists.tpa,BD7100,TROLLSM@1031@1491,1,36,0x00000000,1
comp230_lists.tpa,BD7100,TROLL01@3388@1864,1,37,0x00000000,1
comp230_lists.tpa,BD7100,TROLL01@3315@1888,1,38,0x00000000,1
comp230_lists.tpa,BD7100,TROLL01@3012@598,1,45,0x00000000,1
comp230_lists.tpa,BD7100,TROLL01@2950@445,1,46,0x00000000,1
comp230_lists.tpa,BD7100,ORC03_@3948@3696,1,48,0x00000000,1
comp230_lists.tpa,BD7100,ORC04_@3876@3602,1,49,0x00000000,1
comp230_lists.tpa,BD7100,ORC01_@3958@3577,1,50,0x00000000,1
comp230_lists.tpa,BD7100,ORC02_@4052@3647,1,51,0x00000000,1
comp230_lists.tpa,BD7100,ORC02_@3897@3711,1,52,0x00000000,1
comp230_lists.tpa,BD7100,ORC02_@4035@3688,1,53,0x00000000,1
comp230_lists.tpa,BD7100,ORC02_@4146@3674,1,54,0x00000000,1
comp230_lists.tpa,BD7100,ORC01_@3856@3645,1,55,0x00000000,1
comp230_lists.tpa,BD7100,ORC01_@4064@3581,1,56,0x00000000,1
comp230_lists.tpa,BD7100,SPIDGI@281@2086,1,87,0x00000000,1
comp230_lists.tpa,BD7100,SPIDGI@385@2066,1,88,0x00000000,1
comp230_lists.tpa,BD7100,SPIDHU@404@2006,1,89,0x00000000,1
comp230_lists.tpa,BD7100,SPIDHU@327@2033,1,90,0x00000000,1
comp230_lists.tpa,BD7100,ORC07@4088@3739,1,116,0x00000000,1
comp230_lists.tpa,BD7100,ORC07@3940@3757,1,117,0x00000000,1
comp230_lists.tpa,BD7100,ORC06_@3919@3815,1,118,0x00000000,1
comp230_lists.tpa,BD7100,ORC06_@3978@3653,1,119,0x00000000,1
comp230_lists.tpa,BD7100,ORC05_@4098@3700,1,120,0x00000000,1
comp230_lists.tpa,BD7100,BDDISPBE@2462@2448,1,121,0x00000000,1
comp230_lists.tpa,BD7100,BDDISPBE@2626@2512,1,122,0x00000000,1
comp230_lists.tpa,BD7100,BDDISPBE@2458@2345,1,123,0x00000000,1
comp230_lists.tpa,BD7100,BDDISPBE@2660@2414,1,124,0x00000000,1
comp230_lists.tpa,BD7100,BDDISPBE@2573@2395,1,125,0x00000000,1
comp230_lists.tpa,BD7100,BDDISPBP@2545@2507,1,126,0x00000000,1
comp230_lists.tpa,BD7100,SPIDHU@4448@1563,1,127,0x00000000,1
comp230_lists.tpa,BD7100,SPIDHU@4612@1493,1,128,0x00000000,1
comp230_lists.tpa,BD7100,SPIDGI@4375@1611,1,129,0x00000000,1
comp230_lists.tpa,BD7100,SPIDGI@4307@1652,1,130,0x00000000,1
comp230_lists.tpa,BD7100,BDBEETMH@2469@2542,1,135,0x00000000,1
comp230_lists.tpa,BD7100,BDBEETMH@2596@2577,1,136,0x00000000,1
comp230_lists.tpa,BD7100,BDBEETMH@2512@2601,1,137,0x00000000,1
comp230_lists.tpa,BD7100,BDBEETBH@2434@2601,1,138,0x00000000,1
comp230_lists.tpa,BD7100,BDBEETBH@2590@2649,1,139,0x00000000,1
comp230_lists.tpa,BD7100,BDBEETBH@2510@2664,1,140,0x00000000,1
comp230_lists.tpa,BD7100,BDBEETBH@2684@2467,1,141,0x00000000,1
comp230_lists.tpa,BD7100,BDBEETMH@2394@2530,1,142,0x00000000,1
comp230_lists.tpa,BD7100,TROLSP01@3339@1952,1,144,0x00000000,1
comp230_lists.tpa,BD7100,TROLSP01@3279@1964,1,145,0x00000000,1
comp230_lists.tpa,BD7100,TROLL01@3266@1917,1,146,0x00000000,1
comp230_lists.tpa,BD7100,TROLL01@3215@1945,1,147,0x00000000,1
comp230_lists.tpa,BD7100,TROLSP01@3407@2003,1,148,0x00000000,1
comp230_lists.tpa,BD7100,BDHOBG01@2105@1849,1,156,0x00000000,1
comp230_lists.tpa,BD7100,BDHOBG05@2136@1780,1,157,0x00000000,1
comp230_lists.tpa,BD7100,BDHOBG05@2191@1890,1,158,0x00000000,1
comp230_lists.tpa,BD7100,BDHOBG05@2159@1713,1,159,0x00000000,1
comp230_lists.tpa,BD7100,BDHOBG05@2201@1657,1,160,0x00000000,1
comp230_lists.tpa,BD7100,BDHOBG02@2261@1846,1,161,0x00000000,1
comp230_lists.tpa,BD7100,BDHOBG02@2257@1793,1,162,0x00000000,1
comp230_lists.tpa,BD7100,BDHOBG02@2267@1739,1,163,0x00000000,1
comp230_lists.tpa,BD7100,BDHOBG02@2300@1680,1,164,0x00000000,1
comp230_lists.tpa,BD7100,BDHOBG02@2341@1636,1,165,0x00000000,1
comp230_lists.tpa,BD7100,BDHOBG02@2282@1633,1,166,0x00000000,1
comp230_lists.tpa,BD7100,BDHOBG02@2391@1608,1,167,0x00000000,1
comp230_lists.tpa,BD7100,BDHOBG03@2358@1718,1,168,0x00000000,1
comp230_lists.tpa,BD7100,BDHOBG03@2351@1770,1,169,0x00000000,1
comp230_lists.tpa,BD7100,BDHOBG03@2342@1839,1,170,0x00000000,1
comp230_lists.tpa,BD7100,BDHOBG04@2304@1774,1,171,0x00000000,1
comp230_lists.tpa,BD2000,BDYMORI@4089@408,1,1,0x00000000,1
comp230_lists.tpa,BD2000,BDWORG@4352@1390,1,86,0x00000000,1
comp230_lists.tpa,BD2000,BDWORG@4523@1414,1,87,0x00000000,1
comp230_lists.tpa,BD2000,BDBEETMH@4931@758,1,135,0x00000000,1
comp230_lists.tpa,BD2000,BDBEETMH@4929@829,1,136,0x00000000,1
comp230_lists.tpa,BD2000,BDBEETMH@5038@805,1,137,0x00000000,1
comp230_lists.tpa,BD2000,BDBEETMH@5061@735,1,138,0x00000000,1
comp230_lists.tpa,BD2000,BDBEETMH@5062@901,1,139,0x00000000,1
comp230_lists.tpa,BD2010,BDGOB01@705@513,1,3,0x00000000,1
comp230_lists.tpa,BD2010,BDGOB01@779@533,1,4,0x00000000,1
comp230_lists.tpa,BD2010,BDGOB01@849@566,1,5,0x00000000,1
comp230_lists.tpa,BD2010,BDGOB01@862@617,1,6,0x00000000,1
comp230_lists.tpa,BD2010,BDGOB01@850@675,1,7,0x00000000,1
comp230_lists.tpa,BD2010,BDGOB01@924@656,1,8,0x00000000,1
comp230_lists.tpa,BD2010,BDGOB01@933@601,1,9,0x00000000,1
comp230_lists.tpa,BD2010,BDGOB01@910@722,1,10,0x00000000,1
comp230_lists.tpa,BD2010,BDGOB02@758@668,1,12,0x00000000,1
comp230_lists.tpa,BD2010,BDGOB02@724@669,1,13,0x00000000,1
comp230_lists.tpa,BD2010,BDGOB02@757@731,1,14,0x00000000,1
comp230_lists.tpa,BD2010,BDGOB02@707@732,1,15,0x00000000,1
comp230_lists.tpa,BD2010,BDGOB02@549@610,1,17,0x00000000,1
comp230_lists.tpa,BD2010,BDGOB02@659@706,1,18,0x00000000,1
comp230_lists.tpa,BD2010,BDGOB01@954@540,1,19,0x00000000,1
comp230_lists.tpa,BD2010,BDGOB07@994@730,1,24,0x00000000,1
comp230_lists.tpa,BD2010,BDGOB07@1044@665,1,25,0x00000000,1
comp230_lists.tpa,BD2010,BDGOB07@978@565,1,26,0x00000000,1
comp230_lists.tpa,BD2010,BDGOB07@903@515,1,27,0x00000000,1
comp230_lists.tpa,BD2010,BDGOB07@833@539,1,28,0x00000000,1
comp230_lists.tpa,BD2010,BDGOB07@1015@638,1,29,0x00000000,1
comp230_lists.tpa,BD2010,BDGOB07@994@702,1,30,0x00000000,1
comp230_lists.tpa,BD2010,BDGOB07@872@706,1,31,0x00000000,1
comp230_lists.tpa,BD2010,BDGOB07@856@650,1,32,0x00000000,1
comp230_lists.tpa,BD2010,BDGOB07@960@640,1,33,0x00000000,1
comp230_lists.tpa,BD2010,BDGOB07@1006@591,1,34,0x00000000,1
comp230_lists.tpa,BD2010,BDGOB07@1028@690,1,35,0x00000000,1
comp240_lists.tpa,BD7200,BDSPIDER@1635@1742,1,0,0x00000000,1
comp240_lists.tpa,BD7200,BDSPIDER@1636@1779,1,1,0x00000000,1
comp240_lists.tpa,BD7200,BDSPIDER@1599@1724,1,2,0x00000000,1
comp240_lists.tpa,BD7200,BDSPIDER@1553@1728,1,3,0x00000000,1
comp240_lists.tpa,BD7200,BDSPIDER@1518@1703,1,4,0x00000000,1
comp240_lists.tpa,BD7200,WOLFDI@1344@283,1,13,0x00000000,1
comp240_lists.tpa,BD7200,WOLFDI@1325@373,1,14,0x00000000,1
comp240_lists.tpa,BD7200,BDBUGB01@2338@532,1,16,0x00000000,1
comp240_lists.tpa,BD7200,BDBUGB01@2455@536,1,17,0x00000000,1
comp240_lists.tpa,BD7200,BDBUGB01@2372@501,1,18,0x00000000,1
comp240_lists.tpa,BD7200,BDBUGB01@2454@502,1,19,0x00000000,1
comp240_lists.tpa,BD7200,BDBUGB01@2407@562,1,20,0x00000000,1
comp240_lists.tpa,BD7200,BDDISPBE@301@1729,1,36,0x00000000,1
comp240_lists.tpa,BD7200,BDDISPBE@288@1640,1,37,0x00000000,1
comp240_lists.tpa,BD7200,BDDISPBE@325@1613,1,38,0x00000000,1
comp240_lists.tpa,BD7200,BDDISPBE@193@1695,1,39,0x00000000,1
comp240_lists.tpa,BD7200,BDDISPBE@172@1642,1,40,0x00000000,1
comp240_lists.tpa,BD7200,BDDISPBE@139@1615,1,41,0x00000000,1
comp240_lists.tpa,BD7200,WOLFDI@1385@206,1,47,0x00000000,1
comp240_lists.tpa,BD7200,WOLFDI@1274@401,1,48,0x00000000,1
comp240_lists.tpa,BD7200,WOLFDI@1335@180,1,49,0x00000000,1
comp240_lists.tpa,BD7200,BDBUGB10@2386@584,1,52,0x00000000,1
comp240_lists.tpa,BD7200,BDBUGB02@2319@496,1,53,0x00000000,1
comp240_lists.tpa,BD7200,BDBUGB02@2247@491,1,54,0x00000000,1
comp240_lists.tpa,BD7200,BDBUGB20@2419@518,1,55,0x00000000,1
comp240_lists.tpa,BD7200,BDBUGB12@2345@576,1,56,0x00000000,1
comp240_lists.tpa,BD7200,BDBUGB04@2445@625,1,57,0x00000000,1
comp240_lists.tpa,BD7200,BDDISPBP@244@1603,1,58,0x00000000,1
comp240_lists.tpa,BD7230,BDCULT03@2281@1267,1,5,0x00000000,1
comp240_lists.tpa,BD7230,BDCULT04@2466@1298,1,7,0x00000000,1
comp240_lists.tpa,BD7230,BDCULT03@1167@1161,1,9,0x00000000,1
comp240_lists.tpa,BD7230,BDCULT04@1105@1123,1,10,0x00000000,1
comp240_lists.tpa,BD7230,BDCULT23@607@1730,1,15,0x00000000,1
comp240_lists.tpa,BD7230,BDCULT24@566@1780,1,16,0x00000000,1
comp260_lists.tpa,BD7300,WOLFDI@2497@1467,1,4,0x00000000,1
comp260_lists.tpa,BD7300,WOLFDI@2485@1555,1,5,0x00000000,1
comp260_lists.tpa,BD7300,BDGIANHI@3622@3601,1,6,0x00000000,1
comp260_lists.tpa,BD7300,BDGIANHI@3653@3497,1,7,0x00000000,1
comp260_lists.tpa,BD7300,BDGIANHI@3663@3725,1,8,0x00000000,1
comp260_lists.tpa,BD7300,BDOROG01@4619@673,1,32,0x00000000,1
comp260_lists.tpa,BD7300,BDOROG01@4619@496,1,33,0x00000000,1
comp260_lists.tpa,BD7300,BDOROG01@4653@549,1,34,0x00000000,1
comp260_lists.tpa,BD7300,BDOROG01@4654@620,1,35,0x00000000,1
comp260_lists.tpa,BD7300,BDWORG@4512@641,1,36,0x00000000,1
comp260_lists.tpa,BD7300,BDWORG@4497@511,1,37,0x00000000,1
comp260_lists.tpa,BD7300,BDOROGSG@4479@576,1,38,0x00000000,1
comp260_lists.tpa,BD7300,BDOROG03@4728@592,1,39,0x00000000,1
comp260_lists.tpa,BD7300,BDOROG01@1062@2599,1,40,0x00000000,1
comp260_lists.tpa,BD7300,BDOROG01@1342@2627,1,41,0x00000000,1
comp260_lists.tpa,BD7300,BDOROG01@1257@2596,1,42,0x00000000,1
comp260_lists.tpa,BD7300,BDOROG01@1168@2591,1,43,0x00000000,1
comp260_lists.tpa,BD7300,BDWORG@1109@2654,1,44,0x00000000,1
comp260_lists.tpa,BD7300,BDWORG@1247@2665,1,45,0x00000000,1
comp260_lists.tpa,BD7300,BDOROG02@1175@2706,1,48,0x00000000,1
comp260_lists.tpa,BD7300,BDOROG02@4567@578,1,49,0x00000000,1
comp260_lists.tpa,BD7300,BDBEETMH@4496@1451,1,54,0x00000000,1
comp260_lists.tpa,BD7300,BDBEETMH@4582@1391,1,55,0x00000000,1
comp260_lists.tpa,BD7300,BDBEETBH@4588@1441,1,56,0x00000000,1
comp260_lists.tpa,BD7300,BDHOBG01@3744@1952,1,57,0x00000000,1
comp260_lists.tpa,BD7300,BDHOBG02@3644@1978,1,58,0x00000000,1
comp260_lists.tpa,BD7300,BDHOBG03@3650@1936,1,59,0x00000000,1
comp260_lists.tpa,BD7300,BDHOBG02@3667@1896,1,60,0x00000000,1
comp260_lists.tpa,BD7300,BDHOBG03@3705@1881,1,61,0x00000000,1
comp260_lists.tpa,BD7300,BDHOBG02@3753@1879,1,62,0x00000000,1
comp260_lists.tpa,BD7300,WOLFDI@388@1503,1,64,0x00000000,1
comp260_lists.tpa,BD7300,WOLFDI@292@1584,1,65,0x00000000,1
comp260_lists.tpa,BD7300,SPIDPH@3628@2748,1,66,0x00000000,1
comp260_lists.tpa,BD7300,BDOGRE03@592@755,1,87,0x00000000,1
comp260_lists.tpa,BD7300,BDOGRE02@491@776,1,88,0x00000000,1
comp260_lists.tpa,BD7300,BDOGRE01@603@695,1,89,0x00000000,1
comp260_lists.tpa,BD7300,BDOGRE01@694@754,1,90,0x00000000,1
comp260_lists.tpa,BD7300,BDOGRE01@544@829,1,91,0x00000000,1
comp260_lists.tpa,BD7300,BDOROG02@1113@2526,1,103,0x00000000,1
comp260_lists.tpa,BD7300,BDOROG02@1316@2524,1,104,0x00000000,1
comp260_lists.tpa,BD7300,BDOROG04@1236@2541,1,105,0x00000000,1
comp260_lists.tpa,BD7300,BDOROG05@1380@2686,1,106,0x00000000,1
comp260_lists.tpa,BD7300,BDOROG05@1421@2580,1,107,0x00000000,1
comp260_lists.tpa,BD7300,BDOROG05@4778@528,1,108,0x00000000,1
comp260_lists.tpa,BD7300,BDOROG05@4839@645,1,109,0x00000000,1
comp260_lists.tpa,BD7300,BDOROG02@4895@581,1,110,0x00000000,1
comp260_lists.tpa,BD7300,BDOROG02@4990@639,1,111,0x00000000,1
comp260_lists.tpa,BD7300,BDHOBG04@3656@1857,1,112,0x00000000,1
comp260_lists.tpa,BD7300,BDHOBG03@3615@1900,1,113,0x00000000,1
comp260_lists.tpa,BD7300,BDHOBG03@3703@1827,1,114,0x00000000,1
comp260_lists.tpa,BD7300,BDHOBG03@3623@1806,1,115,0x00000000,1
comp260_lists.tpa,BD7300,BDDISPBE@1958@3377,1,116,0x00000000,1
comp260_lists.tpa,BD7300,BDDISPBE@1937@3483,1,117,0x00000000,1
comp260_lists.tpa,BD7300,BDDISPBE@1828@3386,1,118,0x00000000,1
comp260_lists.tpa,BD7300,BDDISPBE@1812@3504,1,119,0x00000000,1
comp260_lists.tpa,BD7300,BDDISPBP@1922@3442,1,120,0x00000000,1
comp260_lists.tpa,BD7300,BDDISPBE@1913@3314,1,121,0x00000000,1
comp260_lists.tpa,BD7300,BDDISPBE@2035@3543,1,122,0x00000000,1
comp260_lists.tpa,BD7300,BDDISPBE@1928@3609,1,123,0x00000000,1
comp260_lists.tpa,BD7300,BDDISPBE@1993@3264,1,124,0x00000000,1
comp260_lists.tpa,BD7300,BDDISPBP@3451@880,1,125,0x00000000,1
comp260_lists.tpa,BD7300,BDDISPBE@3398@839,1,126,0x00000000,1
comp260_lists.tpa,BD7300,BDDISPBE@3500@981,1,127,0x00000000,1
comp260_lists.tpa,BD7300,BDDISPBE@3522@829,1,128,0x00000000,1
comp260_lists.tpa,BD7300,BDDISPBE@3553@937,1,129,0x00000000,1
comp260_lists.tpa,BD7300,BDDISPBE@3609@879,1,130,0x00000000,1
comp260_lists.tpa,BD7300,BDDISPBE@3563@781,1,131,0x00000000,1
comp260_lists.tpa,BD7300,BDDISPBE@3684@862,1,132,0x00000000,1
comp260_lists.tpa,BD7300,BDDISPBE@3646@775,1,133,0x00000000,1
comp260_lists.tpa,BD7300,BDDISPBE@3717@948,1,134,0x00000000,1
comp260_lists.tpa,BD7300,BDBEETMH@3255@644,1,135,0x00000000,1
comp260_lists.tpa,BD7300,BDBEETMH@3376@607,1,136,0x00000000,1
comp260_lists.tpa,BD7300,BDBEETMH@3306@579,1,137,0x00000000,1
comp260_lists.tpa,BD7300,BDBEETBH@3364@675,1,138,0x00000000,1
comp260_lists.tpa,BD7300,BDBEETBH@3476@635,1,139,0x00000000,1
comp260_lists.tpa,BD7300,BDBEETBH@3541@574,1,140,0x00000000,1
comp260_lists.tpa,BD7300,BDBEETBH@3579@540,1,141,0x00000000,1
comp260_lists.tpa,BD7300,BDBEETMH@3472@570,1,142,0x00000000,1
comp260_lists.tpa,BD7300,BDBEETMH@3534@517,1,143,0x00000000,1
comp260_lists.tpa,BD7300,BDGIANHI@3599@3409,1,144,0x00000000,1
comp260_lists.tpa,BD7300,BDGIANHI@3509@3387,1,145,0x00000000,1
comp260_lists.tpa,BD7300,BDGIANHI@2333@1594,1,147,0x00000000,1
comp260_lists.tpa,BD7300,BDGIANHI@2262@1629,1,148,0x00000000,1
comp260_lists.tpa,BD7300,WOLFDI@509@1468,1,150,0x00000000,1
comp260_lists.tpa,BD7300,WOLFDI@283@1652,1,151,0x00000000,1
comp260_lists.tpa,BD7300,WOLFDI@226@1573,1,152,0x00000000,1
comp260_lists.tpa,BD7300,WOLFDI@335@1438,1,153,0x00000000,1
comp260_lists.tpa,BD7300,WOLFDI@552@1410,1,154,0x00000000,1
comp260_lists.tpa,BD7300,WOLFDI@381@1566,1,155,0x00000000,1
comp260_lists.tpa,BD7300,WOLFDI@357@1717,1,156,0x00000000,1
comp260_lists.tpa,BD7300,BDBEETMH@2305@2240,1,159,0x00000000,1
comp260_lists.tpa,BD7300,BDBEETMH@2334@2307,1,160,0x00000000,1
comp260_lists.tpa,BD7300,BDBEETBH@2366@2282,1,161,0x00000000,1
comp260_lists.tpa,BD7300,BDBEETMH@2342@2359,1,162,0x00000000,1
comp260_lists.tpa,BD7300,BDBEETBH@2369@2218,1,163,0x00000000,1
comp260_lists.tpa,BD7300,BDBEETMH@2291@2338,1,164,0x00000000,1
comp260_lists.tpa,BD7300,BDBOAR02@918@177,1,167,0x00000000,1
comp260_lists.tpa,BD7300,BDBOAR02@859@290,1,168,0x00000000,1
comp260_lists.tpa,BD7300,BDBOAR02@1012@308,1,169,0x00000000,1
comp260_lists.tpa,BD7300,BDBOAR02@962@255,1,170,0x00000000,1
comp260_lists.tpa,BD7300,BDBOAR02@236@3155,1,171,0x00000000,1
comp260_lists.tpa,BD7300,BDBOAR02@305@3013,1,172,0x00000000,1
comp260_lists.tpa,BD7300,BDBOAR02@422@3144,1,173,0x00000000,1
comp260_lists.tpa,BD7300,SPIDGI@4499@2953,1,174,0x00000000,1
comp260_lists.tpa,BD7300,SPIDGI@1516@1191,1,175,0x00000000,1
comp260_lists.tpa,BD7300,SPIDPH@3552@2764,1,176,0x00000000,1
comp260_lists.tpa,BD7300,SPIDPH@4394@2873,1,177,0x00000000,1
comp260_lists.tpa,BD7300,BDBEETMH@4426@1458,1,179,0x00000000,1
comp260_lists.tpa,BD7300,BDBEETMH@4606@1337,1,180,0x00000000,1
comp260_lists.tpa,BD7300,BDBEETMH@4507@1399,1,181,0x00000000,1
comp260_lists.tpa,BD7300,BDBEETBH@4688@1403,1,182,0x00000000,1
comp260_lists.tpa,BD7300,BDBEETBH@4745@1370,1,183,0x00000000,1
comp260_lists.tpa,BD7300,BDOGRE02@469@828,1,187,0x00000000,1
comp260_lists.tpa,BD7300,BDOGRE02@745@737,1,188,0x00000000,1
comp260_lists.tpa,BD7300,BDOGRE02@723@812,1,189,0x00000000,1
comp260_lists.tpa,BD7300,BDOGRE04@541@720,1,190,0x00000000,1
comp260_lists.tpa,BD7300,BDOGRE04@762@688,1,191,0x00000000,1
comp260_lists.tpa,BD7300,BDOGRE06@824@672,1,192,0x00000000,1
comp260_lists.tpa,BD7300,BDOGRE05@781@783,1,193,0x00000000,1
comp260_lists.tpa,BD7400,BDSKGR05@896@681,1,7,0x00000000,1
comp260_lists.tpa,BD7400,BDSKGR05@886@638,1,9,0x00000000,1
comp260_lists.tpa,BD7400,BDBEETMH@2143@1188,1,12,0x00000000,1
comp260_lists.tpa,BD7400,BDBEETMH@2169@1239,1,13,0x00000000,1
comp260_lists.tpa,BD7400,BDBEETBH@2199@1297,1,14,0x00000000,1
comp260_lists.tpa,BD7400,BDBEETBH@2114@1222,1,15,0x00000000,1
comp260_lists.tpa,BD7400,BDBEETBH@2134@1274,1,25,0x00000000,1
comp260_lists.tpa,BD7400,BDBEETMH@2529@305,1,33,0x00000000,1
comp260_lists.tpa,BD7400,BDBEETMH@2381@142,1,34,0x00000000,1
comp260_lists.tpa,BD7400,BDBEETMH@2393@263,1,35,0x00000000,1
comp260_lists.tpa,BD7400,BDSKGR06@885@719,1,40,0x00000000,1
comp260_lists.tpa,BD7400,BDSKGR06@1072@662,1,41,0x00000000,1
comp260_lists.tpa,BD7400,BDSKGR06@1022@596,1,42,0x00000000,1
comp260_lists.tpa,BD7400,BDBEETMH@2199@1163,1,43,0x00000000,1
comp260_lists.tpa,BD7400,BDBEETMH@2296@1265,1,44,0x00000000,1
comp260_lists.tpa,BD7400,BDBEETBH@2273@1316,1,45,0x00000000,1
comp260_lists.tpa,BD7400,BDBONBAT@1064@715,1,47,0x00000000,1
comp260_lists.tpa,BD7400,BDBONBAT@933@628,1,48,0x00000000,1
comp260_lists.tpa,BD7400,BDSHSOUL@2363@1127,1,52,0x00000000,1
comp260_lists.tpa,BD7400,BDBEETMH@2424@216,1,53,0x00000000,1
comp260_lists.tpa,BD7400,BDBEETMH@2520@208,1,54,0x00000000,1
comp260_lists.tpa,BD7310,BDUNSLGU@397@346,1,0,0x00000000,1
comp260_lists.tpa,BD5000,BDWYVR03@701@3587,1,41,0x00000000,1
comp260_lists.tpa,BD5000,BDWYVR03@572@3539,1,44,0x00000000,1
comp260_lists.tpa,BD5000,BDWYVR03@626@3604,1,45,0x00000000,1
comp260_lists.tpa,BD5000,ORC02_@666@2061,1,46,0x00000000,1
comp260_lists.tpa,BD5000,ORC02_@351@2160,1,47,0x00000000,1
comp260_lists.tpa,BD5000,ORC02_@406@2090,1,48,0x00000000,1
comp260_lists.tpa,BD5000,ORC02_@582@2058,1,49,0x00000000,1
comp260_lists.tpa,BD5000,ORC02_@507@2054,1,50,0x00000000,1
comp260_lists.tpa,BD5000,ORC02_@438@2061,1,51,0x00000000,1
comp260_lists.tpa,BD5000,ORC04_@523@2156,1,52,0x00000000,1
comp260_lists.tpa,BD5000,ORC01_@449@2164,1,53,0x00000000,1
comp260_lists.tpa,BD5000,ORC01_@566@2115,1,54,0x00000000,1
comp260_lists.tpa,BD5000,ORC01_@638@2103,1,55,0x00000000,1
comp260_lists.tpa,BD5000,ORC01_@399@2183,1,56,0x00000000,1
comp260_lists.tpa,BD5000,ORC05_@416@2021,1,57,0x00000000,1
comp260_lists.tpa,BD5000,ORC07@361@2112,1,58,0x00000000,1
comp260_lists.tpa,BD5000,ORC07@623@2041,1,59,0x00000000,1
comp260_lists.tpa,BD5000,ORC07@374@2062,1,60,0x00000000,1
comp260_lists.tpa,BD5000,ORC07@479@2013,1,61,0x00000000,1
comp260_lists.tpa,BD5000,ORC06_@607@2150,1,62,0x00000000,1
comp260_lists.tpa,BD5000,ORC06_@455@2203,1,63,0x00000000,1
comp260_lists.tpa,BD5000,ORC06_@458@2131,1,64,0x00000000,1
comp260_lists.tpa,BD5000,ORC06_@509@2102,1,65,0x00000000,1
comp260_lists.tpa,BD5000,BDDISPBE@4261@1133,1,66,0x00000000,1
comp260_lists.tpa,BD5000,BDDISPBE@4354@1063,1,67,0x00000000,1
comp260_lists.tpa,BD5000,BDDISPBE@4449@1082,1,68,0x00000000,1
comp260_lists.tpa,BD5000,BDDISPBE@4358@1125,1,69,0x00000000,1
comp260_lists.tpa,BD5000,BDDISPBE@4231@1078,1,70,0x00000000,1
comp260_lists.tpa,BD5000,BDDISPBP@4271@1026,1,71,0x00000000,1
comp260_lists.tpa,BD5000,SPIDHU@3224@2515,1,82,0x00000000,1
comp260_lists.tpa,BD5000,SPIDHU@3182@2572,1,83,0x00000000,1
comp260_lists.tpa,BD5000,SPIDHU@3388@2540,1,86,0x00000000,1
comp260_lists.tpa,BD5100,BDTREANT@2164@3254,1,75,0x00000000,1
comp260_lists.tpa,BD5100,BDTREANT@2251@2753,1,76,0x00000000,1
comp260_lists.tpa,BD5100,BDTREANT@2203@3316,1,85,0x00000000,1
comp260_lists.tpa,BD5100,BDSHAMB@2050@3309,1,86,0x00000000,1
comp260_lists.tpa,BD5100,BDSPIDGA@2121@3281,1,88,0x00000000,1
comp260_lists.tpa,BD5100,BDTREANT@2195@2773,1,89,0x00000000,1
comp260_lists.tpa,BD5100,BDSPIDGA@2197@2738,1,90,0x00000000,1
comp260_lists.tpa,BD5100,BDSHAMB@2250@2793,1,91,0x00000000,1
comp260_lists.tpa,BD5100,BDUMBER1@1740@2132,1,94,0x00000000,1
comp260_lists.tpa,BD5100,BDSPIDGA@2047@3272,1,104,0x00000000,1
comp270_lists.tpa,BD5300,BDSKGR01@1839@575,1,17,0x00000000,1
comp270_lists.tpa,BD5300,BDSHSOUL@1871@459,1,20,0x00000000,1
comp270_lists.tpa,BD5300,BDSKGR04@1939@490,1,21,0x00000000,1
comp270_lists.tpa,BD5300,BDSKGR04@1942@561,1,22,0x00000000,1
comp270_lists.tpa,BD5300,BDSKGR03@1797@436,1,27,0x00000000,1
comp270_lists.tpa,BD5300,BDSKGR04@1838@413,1,28,0x00000000,1
comp270_lists.tpa,BD5300,BDSHSOUL@2004@547,1,29,0x00000000,1
comp270_lists.tpa,BD5300,BDSHSOUL@2010@488,1,30,0x00000000,1
comp270_lists.tpa,BD5300,BDSKGR04@2057@600,1,32,0x00000000,1
comp270_lists.tpa,BD5300,BDSKGR04@2080@548,1,33,0x00000000,1
comp270_lists.tpa,BD5300,BDSKGR04@2052@524,1,34,0x00000000,1
