area,index,region_name,type,x1,y1,x2,y2,destination,entrance,flags_hex,deactivated,trapped,script
BD0010,0,TranBD0102,2,761,33,1066,342,BD0102,Exitbd0101,0x00000604,0,0,
BD0010,1,InfoBD0102a,1,605,237,640,288,,,0x00000000,0,0,
BD0010,2,InfoBD0102b,1,1047,346,1083,397,,,0x00000000,0,0,BDINFO01
BD0010,3,Infopoint04,1,608,890,697,935,,,0x00000000,0,0,
BD0010,4,Infopoint05,1,710,924,801,987,,,0x00000000,0,0,
BD0010,5,Infopoint07,1,362,543,415,629,,,0x00000000,0,0,
BD0010,6,Infopoint08,1,39,460,84,536,,,0x00000000,0,0,
BD0020,0,TranBD0121,2,388,536,450,626,BD0121,Exitbd0020,0x00000204,0,0,
BD0020,1,TranBD0109,2,1212,996,1264,1060,BD0109,ExitBD0020,0x00000204,0,0,
BD0020,2,InfoBD0121,1,134,573,187,600,,,0x00000000,0,0,
BD0020,3,InfoBD0121,1,429,461,485,559,,,0x00000000,0,0,
BD0020,4,InfoBD0109,1,1047,855,1085,894,,,0x00000000,0,0,BDINFO01
BD0020,5,Nexit1,0,9,900,28,949,,,0x00000000,0,0,
BD0020,6,Nexit2,0,9,800,29,856,,,0x00000000,0,0,
BD0020,7,Nexit3,0,8,722,28,770,,,0x00000000,0,0,
BD0020,8,Sexit1,0,377,1185,465,1202,,,0x00000000,0,0,
BD0020,9,Sexit2,0,568,1188,673,1204,,,0x00000000,0,0,
BD0020,10,Sexit3,0,752,1187,877,1205,,,0x00000000,0,0,
BD0030,0,TranBD0104,2,363,628,548,822,BD0104,Exitbd0030,0x00000A04,0,0,
BD0030,1,InfoBD0104,1,267,750,309,862,,,0x00000000,0,0,
BD0030,2,InfoBD0104,1,668,602,710,714,,,0x00000000,0,0,
BD0030,3,Eexit1,0,1377,426,1395,489,,,0x00000100,1,0,
BD0030,4,Eexit2,0,1377,551,1394,624,,,0x00000100,1,0,
BD0030,5,Eexit3,0,1375,706,1399,784,,,0x00000100,1,0,
BD0030,6,Wexit1,0,5,1054,30,1130,,,0x00000000,0,0,
BD0030,7,Infopoint08,1,1250,391,1336,463,,,0x00000000,0,0,BDINFO01
BD0030,8,Infopoint09,1,836,661,942,812,,,0x00000000,0,0,
BD0040,0,TranBD0106,2,643,499,800,650,BD0106,Exitbd0040,0x00000204,0,0,
BD0040,1,InfoBD0106-Front,1,799,511,847,587,,,0x00000000,0,0,
BD0040,2,Dead Body,1,97,737,208,808,,,0x00000000,0,0,
BD0040,3,Sexit1,0,660,1193,757,1210,,,0x00000000,0,0,
BD0040,4,Sexit2,0,852,1192,949,1209,,,0x00000000,0,0,
BD0040,5,Sexit3,0,1054,1191,1151,1208,,,0x00000000,0,0,
BD0040,6,Nexit1,0,1242,81,1339,98,,,0x00000000,0,0,
BD0040,7,InfoBD0106-Side,1,363,534,502,631,,,0x00000000,0,0,
BD0050,0,TranBD0111,2,380,501,532,648,BD0111,Exitbd0050,0x00000E04,0,0,
BD0050,1,InfoBD0111,1,353,733,395,783,,,0x00000000,0,0,
BD0050,2,InfoBD0111,1,608,689,650,739,,,0x00000000,0,0,
BD0050,3,Nexit1,0,1208,3,1317,22,,,0x00000000,0,0,
BD0050,4,Wexit1,0,9,1098,26,1204,,,0x00000000,0,0,
BD0050,5,Eexit1,0,1384,631,1401,733,,,0x00000000,0,0,
BD0050,6,Eexit2,0,1384,826,1401,928,,,0x00000000,0,0,
BD0050,7,Infopoint08,1,880,67,1116,435,,,0x00000000,0,0,
BD0060,0,TransBD0061,2,1475,184,1620,374,BD0061,Exitbd0060,0x00000204,0,0,
BD0060,1,Infopoint02,1,1273,249,1361,300,,,0x00000000,0,0,
BD0061,0,Tranbd0060,2,287,695,479,881,BD0060,Exitbd0061,0x00000604,0,0,
BD0061,1,Tranbd0062,2,279,280,471,427,BD0062,Exitbd0061,0x00000704,1,0,
BD0061,2,Bd_pool,1,276,278,465,430,,,0x00000000,0,0,BDPOOL
BD0062,0,Tranbd0061,2,861,314,1051,520,BD0061,Exitbd0062,0x00000604,0,0,
BD0062,1,Infopoint02,1,323,548,364,574,,,0x00000000,0,0,
BD0064,0,Dragon_escape,0,552,10,563,22,,,0x00000000,0,0,
BD0064,1,Infopoint02,1,1218,249,1232,277,,,0x00000000,0,0,
BD0066,0,TransBD0067,2,482,456,895,693,BD0067,Exitbd0066,0x00000704,1,0,
BD0066,1,Hole,1,482,456,895,693,,,0x00000000,0,0,BDURE3A
BD0066,2,Infopoint03,1,1085,343,1151,368,,,0x00000000,0,0,
BD0067,0,TranBD0066,2,841,635,1092,934,BD0066,Exitbd0067,0x00000604,0,0,
BD0067,1,Crystal_info_1,1,495,490,550,555,,,0x00000000,0,0,
BD0067,2,Cyrstal_info_2,1,1356,523,1422,578,,,0x00000000,0,0,
BD0067,3,Fungus_info_1,1,543,578,868,777,,,0x00000000,0,0,
BD0067,4,Fungus_info_2,1,705,87,1229,260,,,0x00000000,0,0,
BD0067,5,Fungus_info_3,1,117,421,185,735,,,0x00000000,0,0,
BD0100,0,TranBD0102a,2,1177,590,1283,672,BD0102,Exitbd0100a,0x00000204,0,0,
BD0100,1,TranBD0102b,2,549,78,647,179,BD0102,Exitbd0100b,0x00000204,0,0,
BD0100,2,InfoBDImoenB,1,489,489,578,572,,,0x00000100,1,0,
BD0100,3,InfoBDImoenA,1,499,578,578,635,,,0x00000100,1,0,
BD0100,4,TranBD0103b,2,317,72,541,254,BD0103,Exitbd0100b,0x00000604,0,0,
BD0100,5,TranBD0103a,2,1092,614,1305,812,BD0103,Exitbd0100a,0x00000604,0,0,
BD0100,6,Infopoint07,1,770,165,800,237,,,0x00000000,0,0,
BD0101,0,TranBD0102,2,776,135,938,342,BD0102,Exitbd0101,0x00000604,0,0,
BD0101,1,InfoBD0102a,1,605,237,640,288,,,0x00000000,0,0,
BD0101,2,InfoBD0102b,1,1047,346,1083,397,,,0x00000000,0,0,BDINFO01
BD0102,0,TranBD0101,2,320,675,450,830,BD0101,Exitbd0102,0x00000304,1,0,
BD0102,1,TranBD0100b,2,314,94,534,284,BD0100,Exitbd0102b,0x00000204,0,0,
BD0102,2,TranBD0100a,2,1065,663,1314,853,BD0100,Exitbd0102a,0x00000204,0,0,
BD0102,3,TranBD0116,2,556,107,614,187,BD0116,Exitbd0102,0x00000200,0,0,
BD0102,4,TranBD0010,2,320,675,450,830,BD0010,EXITBD0102,0x00000204,0,0,BDDOOR10
BD0102,5,Window_info_1,1,767,203,800,272,,,0x00000000,0,0,
BD0102,6,Window_info_2,1,1136,471,1165,538,,,0x00000000,0,0,
BD0102,7,Piano_info,1,835,865,963,970,,,0x00000000,0,0,
BD0102,8,Harp_info,1,746,703,800,770,,,0x00000000,0,0,
BD0103,0,TranBD0100a,2,1115,704,1301,851,BD0100,Exitbd0103a,0x00000704,1,0,
BD0103,1,TranBD0100b,2,365,166,536,295,BD0100,Exitbd0103b,0x00000704,1,0,
BD0103,2,Imoeninfo2,1,170,346,298,433,,,0x00000100,1,0,
BD0103,3,Imoeninfo1,1,737,556,789,636,,,0x00000100,1,0,
BD0103,4,Window_info_1,1,667,135,699,204,,,0x00000000,0,0,
BD0103,5,Window_info_2,1,1229,529,1259,596,,,0x00000000,0,0,
BD0103,6,Bed_info,1,163,296,307,455,,,0x00000000,0,0,
BD0104,0,TranBD0105,2,1131,759,1198,809,BD0105,Exitbd0104,0x00000C00,0,0,
BD0104,1,InfoBDStairs,1,885,477,988,584,,,0x00000000,0,0,
BD0104,2,TranBD0030,2,1668,1056,1830,1188,BD0030,ExitBD0104,0x00000204,0,0,
BD0104,3,Infobdstairs_epilogue,1,885,477,988,584,,,0x00000100,1,0,
BD0104,4,Infopoint05,1,1459,892,1498,956,,,0x00000000,0,0,
BD0104,5,Infopoint06,1,475,406,513,471,,,0x00000000,0,0,
BD0104,6,Infopoint07,1,584,1003,613,1075,,,0x00000000,0,0,
BD0104,7,Infopoint08,1,1181,392,1211,468,,,0x00000000,0,0,
BD0105,0,TranBD0104,2,542,356,692,559,BD0104,Exitbd0105,0x00000400,0,0,
BD0105,1,TranBD6000,2,728,155,796,201,BD6000,Exitbd0105,0x00000A04,0,0,
BD0105,2,Infopoint03,1,319,96,460,173,,,0x00000000,0,0,
BD0105,3,Infopoint04,1,540,184,592,224,,,0x00000000,0,0,
BD0105,4,Infopoint05,1,471,234,520,298,,,0x00000000,0,0,
BD0106,0,TranBD0040,2,333,617,500,755,BD0040,Exitbd0106,0x00000204,0,0,BDDOOR
BD0106,1,TranBD0107,2,627,294,722,429,BD0107,ExitBD0106,0x00000000,0,0,
BD0106,2,Pooltable_info,1,699,677,837,767,,,0x00000000,0,0,
BD0107,0,TranBD0108,2,578,236,718,443,BD0108,Exitbd0107,0x00000000,0,0,
BD0107,1,TranBD0106,2,715,277,806,361,BD0106,Exitbd0107,0x00000000,0,0,
BD0107,2,Infopoint03,1,1028,365,1172,468,,,0x00000000,0,0,
BD0107,3,Infopoint04,1,418,408,474,444,,,0x00000000,0,0,
BD0108,0,TranBD0107,2,638,368,733,437,BD0107,Exitbd0108,0x00000000,0,0,
BD0108,1,Infopoint02,1,295,119,398,199,,,0x00000000,0,0,
BD0108,2,Infopoint03,1,714,199,750,248,,,0x00000000,0,0,
BD0109,0,TranBD0110,2,960,310,1107,442,BD0110,Exitbd0109,0x00000200,0,0,
BD0109,1,TranBD0020,2,993,684,1124,808,BD0020,Exitbd0109,0x00000204,0,0,
BD0109,2,Infopoint03,1,337,475,456,612,,,0x00000000,0,0,
BD0109,3,Infopoint04,1,529,264,649,347,,,0x00000000,0,0,
BD0110,0,TranBD0109,2,776,266,953,401,BD0109,Exitbd0110,0x00000200,0,0,
BD0110,1,Infopoint02,1,506,122,587,230,,,0x00000000,0,0,
BD0110,2,Infopoint03,1,115,348,135,386,,,0x00000000,0,0,
BD0110,3,Infopoint04,1,1021,184,1105,268,,,0x00000000,0,0,BDINFO01
BD0110,4,Infopoint05,1,527,432,705,563,,,0x00000000,0,0,
BD0110,5,Infopoint06,1,409,502,588,635,,,0x00000000,0,0,
BD0111,0,TranBD0117,2,1235,693,1318,758,BD0117,Exitbd0111,0x00000000,0,0,
BD0111,1,TranBD0050,2,928,895,1091,1032,BD0050,Exitbd0111,0x00000204,0,0,BDDOOR
BD0111,2,InfoBDStairs1,1,138,323,290,551,,,0x00000000,0,0,
BD0111,3,InfoBDStairs2,1,723,85,897,318,,,0x00000000,0,0,
BD0111,4,Infopoint05,1,682,624,712,659,,,0x00000000,0,0,
BD0111,5,Infopoint06,1,372,269,408,330,,,0x00000000,0,0,
BD0111,6,Infopoint07,1,514,211,550,269,,,0x00000000,0,0,
BD0111,7,Infopoint08,1,1090,429,1121,493,,,0x00000000,0,0,
BD0111,8,Infopoint09,1,398,552,437,581,,,0x00000000,0,0,
BD0111,9,Infopoint10,1,588,465,639,498,,,0x00000000,0,0,
BD0111,10,Infopoint11,1,790,382,830,415,,,0x00000000,0,0,
BD0113,0,TranBD5100,2,163,463,299,571,BD5100,Exitbd0113,0x00000204,0,0,
BD0113,1,Infopoint02,1,800,389,1185,555,,,0x00000000,0,0,
BD0114,0,TranBD7200,2,651,1241,792,1334,BD7200,Exitbd0114,0x00000604,0,0,
BD0114,1,Bdpoint1,0,428,1074,829,1143,,,0x00000002,0,0,BD011401
BD0114,2,Bdpoint2,0,717,716,988,1009,,,0x00000002,0,0,BD011402
BD0114,3,Bdpoint3,0,1386,745,1458,982,,,0x00000002,0,0,BD011403
BD0114,4,Bdpoint4,0,1141,460,1218,512,,,0x00000002,0,0,BD011404
BD0114,5,Bdpoint5,0,688,435,763,465,,,0x00000002,0,0,BD011405
BD0114,6,Bdpoint6,0,127,687,327,740,,,0x00000002,0,0,BD011406
BD0114,7,Bdpoint7,0,538,565,581,637,,,0x00000002,0,0,BD011407
BD0114,8,Bdpoint8,0,1004,576,1038,634,,,0x00000002,0,0,BD011408
BD0114,9,Spidersilk1,1,616,765,701,852,,,0x00000400,0,0,BDSPSILK
BD0114,10,Spidersilk2,1,639,405,713,507,,,0x00000400,0,0,BDSPSILK
BD0114,11,Spidersilk3,1,947,161,1033,260,,,0x00000400,0,0,BDSPSILK
BD0114,12,Spidersilk4,1,1280,270,1368,354,,,0x00000400,0,0,BDSPSILK
BD0114,13,Ff_camp,0,3,4,20,34,,,0x00000000,0,0,
BD0114,14,Trap_web1,0,136,582,264,643,,,0x00000008,0,1,GTWEB
BD0114,15,Trap_web2,0,1203,829,1278,935,,,0x00000008,0,1,GTWEB
BD0114,16,Trap_web3,0,1121,468,1206,536,,,0x00000008,0,1,GTWEB
BD0114,17,Infopoint18,1,595,840,660,890,,,0x00000000,0,0,
BD0114,18,Infopoint19,1,1251,735,1334,825,,,0x00000000,0,0,
BD0114,19,Infopoint20,1,837,502,919,560,,,0x00000000,0,0,
BD0115,0,TranBD7000,2,173,407,378,508,BD7000,Exitbd0115,0x00000604,0,0,
BD0115,1,Info_SDD123,1,310,127,390,177,,,0x00000000,0,0,BDCOF01
BD0116,0,TranBD0102,2,953,876,1057,1006,BD0102,Exitbd0116,0x00000200,0,0,
BD0116,1,TrapBDKorlasz,0,378,371,1147,907,,,0x00000000,0,0,
BD0116,2,Infopoint03,1,292,753,464,877,,,0x00000000,0,0,
BD0116,3,Infopoint04,1,375,922,409,962,,,0x00000000,0,0,
BD0116,4,Infopoint05,1,1001,145,1129,283,,,0x00000000,0,0,
BD0117,0,TranBD0111,2,156,368,270,496,BD0111,Exitbd0117,0x00000000,0,0,
BD0117,1,Infopoint02,1,373,304,606,564,,,0x00000000,0,0,
BD0117,2,Infopoint03,1,530,155,831,492,,,0x00000000,0,0,
BD0120,0,TranBD0130,2,2287,271,2529,554,BD0130,Exitbd0120,0x00000604,0,0,
BD0120,1,Porios_escape,0,1795,835,1835,864,,,0x00000000,0,0,
BD0120,2,Rope,1,758,1384,810,1679,,,0x00000000,0,0,BDROPE
BD0120,3,Tranbd0130rope,2,781,964,867,1032,BD0130,Exitbd0120rope,0x00000704,1,0,
BD0120,4,Card_Table,1,1612,1379,1779,1487,,,0x00000000,0,0,
BD0120,5,Breach,1,1944,261,2087,405,,,0x00000000,0,0,
BD0120,6,Chasm1,1,1055,1143,1260,1281,,,0x00000000,0,0,
BD0120,7,Chasm2,1,1282,1016,1549,1245,,,0x00000000,0,0,
BD0120,8,Chasm3,1,1658,914,1789,979,,,0x00000000,0,0,
BD0120,9,Chasm4,1,1891,769,2120,904,,,0x00000000,0,0,
BD0120,10,Imoen_room2,0,1294,692,1306,704,,,0x00000000,0,0,
BD0120,11,Imoen_room1a,0,1994,986,2004,992,,,0x00000000,0,0,
BD0120,12,Imoen_room1b,0,1761,770,1773,784,,,0x00000000,0,0,
BD0120,13,Imoen_room2a,0,1744,421,1753,429,,,0x00000000,0,0,
BD0120,14,Imoen_room2b,0,1619,637,1631,647,,,0x00000000,0,0,
BD0120,15,Infopoint16,1,896,335,972,389,,,0x00000000,0,0,
BD0120,16,Ff_camp,0,443,1199,1542,1915,,,0x00000002,0,0,
BD0120,17,Porios_spawn,0,1285,1305,1291,1315,,,0x00000000,0,0,
BD0120,18,Autosave_trigger,0,1004,1512,1136,1576,,,0x00000000,0,1,BDASAV01
BD0121,0,TranBD0112,2,717,762,810,830,BD0112,Exitbd0121,0x00000100,1,0,
BD0121,1,TranBD0020,2,717,762,810,830,BD0020,Exitbd0121,0x00000204,0,0,
BD0121,2,TranBD0122,2,142,145,333,393,BD0122,ExitBD0121,0x00000000,0,0,
BD0122,0,TranBD0121,2,204,150,493,307,BD0121,Exitbd0122,0x00000200,0,0,
BD0122,1,Infopoint02,1,599,572,695,615,,,0x00000000,0,0,
BD0130,0,TranBD0120,2,2499,60,2767,304,BD0120,Exitbd0130,0x00000604,0,0,
BD0130,1,Bhaal_mural,1,1968,1092,2019,1139,,,0x00000000,0,0,
BD0130,2,Bane_mural,1,1865,2401,1929,2448,,,0x00000000,0,0,
BD0130,3,Myrkul_mural,1,936,1600,999,1649,,,0x00000000,0,0,
BD0130,4,Chasm01,1,2027,1520,2491,1831,,,0x00000000,0,0,
BD0130,5,Chasm02,1,1580,1747,2041,2061,,,0x00000000,0,0,
BD0130,6,Lava01,1,1137,2070,1455,2184,,,0x00000000,0,0,
BD0130,7,Lava02,1,2541,1291,2803,1554,,,0x00000000,0,0,
BD0130,8,Tranbd0120rope,2,691,1440,746,1551,BD0120,Exitbd0130rope,0x00000704,1,0,
BD0130,9,Red_brazier,1,2493,1911,2551,1957,,,0x00000000,0,0,BDSHBRZ
BD0130,10,Yellow_brazier,1,2868,1610,2918,1654,,,0x00000000,0,0,BDSHBRZ
BD0130,11,Purple_brazier,1,3142,2168,3197,2227,,,0x00000000,0,0,BDSHBRZ
BD0130,12,Jelly_globe01,1,2266,2045,2328,2195,,,0x00000000,0,0,BDSHSLIM
BD0130,13,Jelly_globe02,1,2480,2207,2547,2329,,,0x00000000,0,0,BDSHSLIM
BD0130,14,Dead_three_center,0,2903,1927,2915,1941,,,0x00000000,0,0,
BD0130,15,Corridor_alcoves,0,2448,2094,2475,2110,,,0x00000000,0,0,
BD0130,16,Bhaal_corner,0,2278,1107,2293,1118,,,0x00000000,0,0,
BD0130,17,Trap_magic_missile,0,2383,1092,2407,1163,,,0x00000008,0,1,GTMM
BD0130,18,Trap_arrow_fire,0,2578,1828,2699,1924,,,0x00000008,0,1,GTAR8
BD0130,19,Trap_arrow_fire,0,2833,1923,3192,2173,,,0x00000008,0,1,GTAR8
BD0130,20,Trap_miscast_magic,0,2143,2243,2349,2411,,,0x00000008,0,1,GTMIS
BD0130,21,Trap_enfeeblement,0,1174,1460,1274,1546,,,0x00000008,0,1,GT004
BD0130,22,Trap_dispel_arrow,0,910,1189,1057,1208,,,0x00000008,0,1,GTAR7
BD0130,23,Wyrm_skeleton,1,3303,1078,3442,1249,,,0x00000000,0,0,
BD0130,24,Entrance_corner,0,2764,606,2777,620,,,0x00000000,0,0,
BD0130,25,Magma_mephit_spawn,1,3223,1032,3285,1126,,,0x00000000,0,0,BDSHMMSP
BD0130,26,Trap_spook,0,1678,2220,1800,2297,,,0x00000008,0,1,BDGT014
BD0130,27,Trap_blindness,0,1688,1533,1824,1619,,,0x00000008,0,1,BDGT013
BD0130,28,Trap_arrow_piercing,0,2248,679,2364,747,,,0x00000008,0,1,GTAR10
BD0130,29,Lever_machine_stuck,1,594,1152,662,1204,,,0x00000100,1,0,
BD0130,30,Lever_bedroom_stuck,1,1563,866,1610,925,,,0x00000000,0,0,
BD0130,31,Bhaal_corner2,0,2171,796,2182,806,,,0x00000000,0,0,
BD0130,32,Infopoint34,1,1611,483,1865,589,,,0x00000000,0,0,
BD0130,33,Info_purple_crystal,1,723,184,765,233,,,0x00000000,0,0,
BD0130,34,Info_machine01,1,635,1057,797,1201,,,0x00000000,0,0,
BD0130,35,Info_machine02,1,1442,856,1571,968,,,0x00000000,0,0,
BD0130,36,Imoen_final_talk,0,843,792,1114,936,,,0x00000002,0,1,BDSHIMFT
BD1000,0,Bd_barricade,0,3558,1127,3595,1155,,,0x00000000,0,0,
BD1000,1,Bd_bridge,0,3919,597,4501,1031,,,0x00000000,0,0,BDTRADEB
BD1000,2,Tradeway_exit,0,5085,15,5096,25,,,0x00000000,0,0,
BD1000,3,Menhir1,1,1689,635,1796,861,,,0x00000500,1,0,BDMENHI1
BD1000,4,Menhir2,1,963,454,1070,680,,,0x00000500,1,0,BDMENHI2
BD1000,5,Menhir3,1,494,1863,601,2085,,,0x00000500,1,0,BDMENHI3
BD1000,6,Menhir4,1,1476,3171,1583,3393,,,0x00000500,1,0,BDMENHI4
BD1000,7,Menhir5,1,4861,2841,4968,3063,,,0x00000500,1,0,BDMENHI5
BD1000,8,Tranbd1100,2,4894,2029,5041,2185,BD1100,Exitbd1000,0x00000604,0,0,
BD1000,9,Menhir6,1,4204,1822,4311,2044,,,0x00000500,1,0,BDMENHI6
BD1000,10,Dead Goblins,0,1016,1687,1156,1835,,,0x00000400,0,0,BDDGOB
BD1000,11,Bddgob1,0,1131,1817,1140,1827,,,0x00000000,0,0,
BD1000,12,Bddgob2,0,1087,1830,1097,1840,,,0x00000000,0,0,
BD1000,13,Bddgob3,0,1114,1776,1124,1790,,,0x00000000,0,0,
BD1000,14,Bddgob4,0,1048,1779,1056,1791,,,0x00000000,0,0,
BD1000,15,Trap_sdd221_1,0,2997,659,3017,674,,,0x00000008,0,1,BDGTSNAR
BD1000,16,Trap_sdd221_2,0,3037,678,3073,702,,,0x00000008,0,1,BDGTSNAR
BD1000,17,Trap_sdd221_3,0,2883,700,2911,715,,,0x00000008,0,1,BDGTSNAR
BD1000,18,Trap_sdd221_4,0,2748,484,2776,499,,,0x00000008,0,1,BDGTSNAR
BD1000,19,Trap_sdd221_5,0,2643,412,2671,427,,,0x00000008,0,1,BDGTSNAR
BD1000,20,Ff_camp,0,0,2839,1252,3839,,,0x00000002,0,1,BDFFCAMP
BD1000,21,Banter_trigger1,0,778,2850,1970,3835,,,0x00000002,0,1,BDTALK01
BD1000,22,Banter_trigger2,0,2247,1422,3136,2098,,,0x00000002,0,1,BDTALK02
BD1000,23,Corwin Romance 1,0,901,2660,2251,3835,,,0x00000002,0,1,BDROM01
BD1000,24,Rasaad And Safana Romance 1,0,2501,1394,3390,2070,,,0x00000000,0,1,BDROM02
BD1000,25,Trap_web01,0,4443,3228,4916,3427,,,0x00000008,0,1,GTWEB
BD1000,26,Trap_web02,0,347,1437,765,1563,,,0x00000008,0,0,GTWEB
BD1000,27,Dog Cage,1,1693,392,1774,427,,,0x00000100,1,0,BDBDOGCA
BD1000,28,Infopoint30,1,2374,2256,2907,2647,,,0x00000000,0,0,
BD1000,29,Infopoint31,1,1900,427,2096,611,,,0x00000000,0,0,
BD1000,30,Info_bridge,1,4234,510,4644,847,,,0x00000100,1,0,
BD1000,31,Infopoint33,1,3929,1068,3958,1177,,,0x00000000,0,0,
BD1000,32,Infopoint34,1,3545,772,3582,855,,,0x00000000,0,0,
BD1010,0,TranBD7300,2,13,760,287,1012,BD7300,Exitbd1010,0x00000604,0,0,
BD1010,1,Trap_web,0,407,397,547,573,,,0x00000008,0,1,GTWEB
BD1100,0,Tranbd1000,2,0,1000,358,1342,BD1000,Exitbd1100,0x00000604,0,0,
BD1100,1,TranBD1200,2,3567,1486,3809,1820,BD1200,Exitbd1100,0x00000604,0,0,
BD1100,2,Trap_glyph_of_warding,0,1734,2466,1815,2602,,,0x00000408,0,1,GTGW
BD1100,3,Trap_hold_person,0,2577,2357,2618,2473,,,0x00000408,0,1,GTHP
BD1100,4,Trap_skull_trap,0,2768,1043,2856,1155,,,0x00000408,0,1,GTST
BD1100,5,Info_Banner_01,1,1371,516,1434,617,,,0x00000000,0,0,
BD1100,6,Info_Banner_02,1,1484,512,1548,635,,,0x00000000,0,0,
BD1100,7,Info_Banner_03,1,1610,523,1673,631,,,0x00000000,0,0,
BD1100,8,Infopoint_Collapse,1,2318,712,2741,965,,,0x00000000,0,0,
BD1100,9,Info_Food_Stores,1,2138,707,2264,783,,,0x00000000,0,0,
BD1100,10,Info_Ore_Carts,1,999,2075,1140,2252,,,0x00000000,0,0,
BD1200,0,TranBD1100,2,74,1753,401,1994,BD1100,Exitbd1200,0x00000604,0,0,
BD1200,1,Bdpill01,1,2888,739,2928,926,,,0x00000000,0,0,BDPILL02
BD1200,2,Bdpill02,1,3115,722,3155,909,,,0x00000000,0,0,BDPILL04
BD1200,3,Bdpill03,1,3302,802,3342,989,,,0x00000000,0,0,BDPILL01
BD1200,4,Bdpill04,1,3385,939,3425,1126,,,0x00000000,0,0,BDPILL03
BD1200,5,Coldheart_spawn,0,4183,1311,4354,1380,,,0x00000002,0,1,BDCHSPWN
BD1200,6,Lichtran,0,3601,1944,3834,2246,,,0x00000000,0,1,BDLICHT
BD1200,7,Scryingpool,1,1260,2021,1384,2105,,,0x00000040,0,0,BDODSCRY
BD1200,8,Portaltoanotherplace,1,473,2510,543,2553,,,0x00000000,0,0,BDPORTAL
BD1200,9,Phylactery1,1,4124,1061,4155,1104,,,0x00000000,0,0,BDPHY01
BD1200,10,Phylactery2,1,4227,1034,4261,1079,,,0x00000000,0,0,BDPHY02
BD1200,11,Phylactery3,1,4352,1045,4379,1090,,,0x00000000,0,0,BDPHY03
BD1200,12,Phylactery4,1,4435,1094,4462,1135,,,0x00000000,0,0,BDPHY04
BD1200,13,Phylactery5,1,4066,1122,4092,1162,,,0x00000000,0,0,BDPHY05
BD1200,14,Phylactery6,1,4479,1163,4500,1203,,,0x00000000,0,0,BDPHY06
BD1200,15,Seatofshadowking,1,1281,755,1328,844,,,0x00000400,0,0,BDSEAT
BD1200,16,Alchemyset,1,2084,870,2343,1076,,,0x00000000,0,0,
BD1200,17,Alchemyset2,1,2224,554,2331,707,,,0x00000000,0,0,
BD1200,18,Crimsonpool,1,3258,1810,3503,1991,,,0x00000000,0,0,
BD1200,19,Crimsonpool,1,3508,1641,3840,1886,,,0x00000000,0,0,
BD1200,20,Pedestal,1,3943,2315,4147,2455,,,0x00000000,0,0,
BD1200,21,Statue,1,4236,2060,4346,2214,,,0x00000000,0,0,
BD1200,22,Trap_fireball,0,1406,2719,1501,2791,,,0x00000008,0,1,GTFB
BD1200,23,Trap_confusion,0,1908,1953,2064,2042,,,0x00000008,0,1,GTCON
BD1200,24,Trap_charm,0,2162,825,2297,898,,,0x00000008,0,1,GTDC
BD1200,25,Trap_miscast_magic,0,3478,1772,3543,1814,,,0x00000008,0,1,GTMIS
BD1200,26,BlueMist_01,1,957,695,1385,1104,,,0x00000000,0,0,
BD1200,27,BlueMist_02,1,1223,677,1672,961,,,0x00000000,0,0,
BD1200,28,Strange_Tanks_01,1,1207,1281,1565,1560,,,0x00000000,0,0,
BD1200,29,Strange_Tanks_02,1,1774,883,2073,1080,,,0x00000000,0,0,
BD1200,30,Strange_Tanks_03,1,1433,1174,1699,1388,,,0x00000000,0,0,
BD1200,31,Collapsed_Entrance,1,2615,2523,3092,2822,,,0x00000000,0,0,
BD1200,32,Entrance_Debris,1,748,1778,927,1930,,,0x00000000,0,0,
BD1200,33,Sarcophagus_03,1,2948,1963,3079,2052,,,0x00000000,0,0,
BD1200,34,Trap_cloudkill,0,1727,1790,1884,1878,,,0x00000008,0,1,GTCK
BD1200,35,Forcewall,1,56,1702,336,2001,,,0x00000100,1,0,
BD2000,0,Boareskyr_bridge,0,529,1240,1107,1693,,,0x00000000,0,1,BDBOARB
BD2000,1,No_rest_area,0,1328,1794,3350,3597,,,0x00000002,0,1,BDNORES2
BD2000,2,Crusade_camp_gate_inside,0,3022,3103,3063,3130,,,0x00000000,0,0,
BD2000,3,TranBD2100,2,3165,1261,3292,1370,BD2100,Exitbd2000,0x00000604,0,0,
BD2000,4,Drawbridge_info,1,3075,1526,3221,1735,,,0x00000400,0,0,BDDRAWBR
BD2000,5,Camp_center,0,2386,2630,2403,2645,,,0x00000000,0,0,
BD2000,6,Bridgefort_exit,0,2992,1990,3008,2003,,,0x00000000,0,0,
BD2000,7,Boaresky_blockade,1,1734,2019,2037,2365,,,0x00000100,1,0,
BD2000,8,Barrel_spot,0,1389,1874,1423,1903,,,0x00000000,0,0,BDBOARB2
BD2000,9,Enlightment,0,2590,2415,2610,2436,,,0x00000000,0,0,
BD2000,10,Tranbd2010,2,4699,430,4780,550,BD2010,Exitbd2000,0x00000604,0,0,
BD2000,11,Rope_over_moat,1,3995,1151,4135,1253,,,0x00000000,0,0,
BD2000,12,BD208LN_S,0,3026,1330,3165,1455,,,0x00000102,1,0,BD208LNS
BD2000,13,BD208LN_N,0,2904,835,3544,1233,,,0x00000002,0,0,BD208LNN
BD2000,14,Old_well_info,1,752,748,832,822,,,0x00000000,0,0,
BD2000,15,Sdd224,0,334,260,351,290,,,0x00000000,0,0,
BD2000,16,Neera/voghiln Romance 1,0,532,1161,940,1529,,,0x00000000,0,1,BDROM07
BD2000,17,Dorn Romance 1,0,39,563,476,1313,,,0x00000000,0,1,BDROM08
BD2000,18,Teleport_outside,1,4235,1127,4376,1241,,,0x00000000,0,0,BDBFTELE
BD2000,19,Cyric_info,1,326,1135,501,1456,,,0x00000000,0,0,
BD2000,20,Bhaal_info,1,2049,1898,2226,2240,,,0x00000000,0,0,
BD2000,21,Bridgefort_inside,0,2735,802,3821,1883,,,0x00000002,0,1,BDFFCAMP
BD2000,22,Webtrap,0,4653,1928,4710,1992,,,0x00000008,0,1,GTWEB
BD2000,23,Trap_arrow_biting01,0,4565,3042,4718,3129,,,0x00000008,0,1,GTAR5
BD2000,24,Trap_arrow_biting02,0,4720,3091,4921,3133,,,0x00000008,0,1,GTAR5
BD2000,25,Infopoint26,1,3274,1194,3308,1243,,,0x00000000,0,0,
BD2000,26,Infopoint27,1,2788,1319,2857,1426,,,0x00000000,0,0,
BD2000,27,Infopoint28,1,2566,2382,2624,2420,,,0x00000000,0,0,
BD2000,28,Infopoint29,1,2401,1915,2616,2129,,,0x00000000,0,0,
BD2000,29,Infopoint30,1,1514,2779,1641,2865,,,0x00000000,0,0,
BD2000,30,Infopoint31,1,1220,2167,1622,2513,,,0x00000000,0,0,
BD2000,31,Infopoint32,1,932,1935,1351,2305,,,0x00000000,0,0,
BD2000,32,Infopoint33,1,651,1708,1046,2067,,,0x00000000,0,0,
BD2000,33,Infopoint34,1,452,1551,740,1819,,,0x00000000,0,0,
BD2000,34,Infopoint35,1,3572,948,3709,1089,,,0x00000000,0,0,
BD2000,35,Battlefield,0,2663,1823,3254,2106,,,0x00000000,0,0,BDTARGET
BD2000,36,Knockdown,0,2927,1448,3031,1556,,,0x00000000,0,0,BDTARGET
BD2000,37,Bridgefort_player_exit,0,2316,1926,3347,2405,,,0x00000000,0,0,BDEXITBF
BD2010,0,TranBD2000,2,240,750,462,935,BD2000,Exitbd2010,0x00000604,0,0,
BD2100,0,TranBD2000,2,246,1278,399,1472,BD2000,Exitbd2100,0x00000204,0,0,
BD2100,1,Bd2100gl,1,964,903,1057,996,,,0x00000500,1,0,BD2100GL
BD2100,2,Mural,1,110,678,287,827,,,0x00000000,0,0,
BD2100,3,Teleport_inside,1,1391,826,1532,939,,,0x00000000,0,0,BDBFTELE
BD2100,4,Infopoint05,1,1453,415,1544,486,,,0x00000000,0,0,
BD2100,5,Infopoint06,1,1726,1238,1843,1318,,,0x00000000,0,0,
BD3000,0,Allybase,0,1214,1803,1261,1846,,,0x00000000,0,0,
BD3000,1,Crusaderbase,0,1650,352,1686,382,,,0x00000000,0,0,
BD3000,2,Ff_camp,0,0,1,2559,1918,,,0x00000002,0,0,
BD3000,3,Npc_exit,0,1574,45,1611,75,,,0x00000000,0,0,
BD3000,4,Western_lane,0,536,1357,910,1912,,,0x00000002,0,0,BDSCLANE
BD3000,5,Central_lane,0,937,1179,1392,1433,,,0x00000002,0,0,BDSCLANE
BD3000,6,Eastern_lane,0,1445,1383,1935,1900,,,0x00000002,0,0,BDSCLANE
BD3000,7,Viconia Romance 2,0,681,147,2462,897,,,0x00000000,0,1,BDROM09
BD3000,8,Rasaad/safana Romance 3,0,92,910,2519,1415,,,0x00000000,0,1,BDROM10
BD3000,9,Infopoint10,1,525,90,573,200,,,0x00000000,0,0,
BD3000,10,Infopoint11,1,2298,1183,2350,1290,,,0x00000000,0,0,
BD3000,11,Infopoint12,1,2325,1122,2387,1220,,,0x00000000,0,0,
BD3000,12,Infopoint13,1,185,1029,229,1107,,,0x00000000,0,0,
BD3000,13,Infopoint14,1,366,1586,403,1657,,,0x00000000,0,0,
BD3000,14,Infopoint15,1,691,1347,746,1460,,,0x00000000,0,0,
BD3000,15,Infopoint16,1,732,1300,794,1396,,,0x00000000,0,0,
BD3000,16,Infopoint17,1,1023,1287,1083,1404,,,0x00000000,0,0,
BD3000,17,Infopoint18,1,1897,1536,1937,1659,,,0x00000000,0,0,
BD3000,18,Infopoint19,1,1126,1813,1160,1917,,,0x00000000,0,0,
BD3000,19,Infopoint20,1,1444,1732,1475,1854,,,0x00000000,0,0,
BD3000,20,Infopoint21,1,1844,802,1892,923,,,0x00000000,0,0,
BD3000,21,Infopoint22,1,1377,481,1425,568,,,0x00000000,0,0,
BD3000,22,Infopoint23,1,1397,369,1444,442,,,0x00000000,0,0,
BD3000,23,Infopoint24,1,1063,372,1107,454,,,0x00000000,0,0,
BD3000,24,Infopoint25,1,881,1379,966,1449,,,0x00000000,0,0,
BD4000,0,TransBD4100,2,4261,346,4423,525,BD4100,Exitbd4000,0x00000604,0,0,
BD4000,1,Dsc_gate_outer,0,865,2880,945,2960,,,0x00000000,0,0,BDDSGAT1
BD4000,2,Dsc_gate_inner,1,2750,1656,2847,1840,,,0x00000000,0,0,BDDSGAT2
BD4000,3,Wall_breach,1,2958,3276,3334,3449,,,0x00000000,0,0,BDDSWALL
BD4000,4,Duel_spot,0,1391,1774,1412,1793,,,0x00000000,0,0,
BD4000,5,Choke1,0,1356,1511,1378,1529,,,0x00000000,0,0,
BD4000,6,Choke2,0,1060,1679,1082,1697,,,0x00000000,0,0,
BD4000,7,Courtyard,0,2029,2705,2049,2727,,,0x00000000,0,0,
BD4000,8,Camp_arrival1,0,1315,2658,1344,2680,,,0x00000000,0,0,
BD4000,9,Camp_arrival2,0,2190,2174,2215,2195,,,0x00000000,0,0,
BD4000,10,Crusader_camp,0,1680,735,1704,754,,,0x00000000,0,0,
BD4000,11,Courtyard2,0,1618,2801,1639,2820,,,0x00000000,0,0,
BD4000,12,Inner_courtyard,0,2968,1664,2989,1685,,,0x00000000,0,0,
BD4000,13,Inner_courtyard2,0,3108,1476,3134,1497,,,0x00000100,1,0,
BD4000,14,Gate_sentry_point,0,881,2942,906,2963,,,0x00000000,0,0,
BD4000,15,Stone_icon,1,2051,987,2098,1023,,,0x00000000,0,0,
BD4000,16,Ff_camp,0,3,4,20,34,,,0x00000000,0,0,
BD4000,17,Npc_exit_road,0,40,3391,77,3421,,,0x00000000,0,0,
BD4000,18,Map_table,1,1723,2186,1871,2253,,,0x00000500,1,0,BDDSMAP
BD4000,19,Wine Barrels,1,1137,1133,1202,1199,,,0x00000400,0,1,BDSDD329
BD4000,20,Gate_proxy,0,2762,1813,2790,1839,,,0x00000000,0,0,
BD4000,21,Asha1,0,1084,1945,1121,1973,,,0x00000000,0,0,BDEXDUEL
BD4000,22,Asha2,0,1843,1634,1880,1662,,,0x00000000,0,0,BDEXDUEL
BD4000,23,Crus_arrival1,0,1136,2431,1165,2453,,,0x00000000,0,0,
BD4000,24,Crus_arrival2,0,2239,1908,2264,1929,,,0x00000000,0,0,
BD4000,25,Mdd1233a,1,1607,1023,2008,1228,,,0x00000100,1,0,BDFLEE
BD4000,26,Mdd1233b,1,1028,1003,1506,1225,,,0x00000100,1,0,BDFLEE
BD4000,27,Mdd1233c,1,2291,0,2842,122,,,0x00000100,1,0,BDFLEE
BD4000,28,Mdd1102,1,861,2785,956,2942,,,0x00000100,1,0,
BD4000,29,Mdd1205,1,861,2785,956,2942,,,0x00000100,1,0,
BD4000,30,Bark_mdd1246a,0,3955,926,3996,955,,,0x00000000,0,1,BDBARK01
BD4000,31,Lightningtrap,0,1438,1081,1616,1154,,,0x00000108,1,1,GTCL
BD4000,32,Infopoint33,1,3259,1235,3289,1299,,,0x00000000,0,0,
BD4000,33,Infopoint34,1,2255,2336,2547,2543,,,0x00000000,0,0,
BD4000,34,Infopoint35,1,3580,1585,3948,1842,,,0x00000000,0,0,
BD4000,35,Speartrap1,0,1252,2361,1284,2385,,,0x00000108,1,1,BDGSPEAR
BD4000,36,Speartrap2,0,1117,2336,1149,2360,,,0x00000108,1,1,BDGSPEAR
BD4000,37,Speartrap3,0,1203,2282,1235,2306,,,0x00000108,1,1,BDGSPEAR
BD4000,38,Speartrap4,0,1094,2228,1126,2252,,,0x00000108,1,1,BDGSPEAR
BD4000,39,Speartrap5,0,1215,2167,1247,2191,,,0x00000108,1,1,BDGSPEAR
BD4000,40,Speartrap6,0,1121,2119,1153,2143,,,0x00000108,1,1,BDGSPEAR
BD4000,41,Speartrap7,0,1287,2245,1319,2269,,,0x00000108,1,1,BDGSPEAR
BD4000,42,Speartrap8,0,1031,2151,1063,2175,,,0x00000108,1,1,BDGSPEAR
BD4000,43,Speartrap9,0,1010,2309,1042,2333,,,0x00000108,1,1,BDGSPEAR
BD4000,44,Speartrap10,0,1128,2026,1160,2050,,,0x00000108,1,1,BDGSPEAR
BD4000,45,Flamestriketrap1,0,962,1967,1213,2008,,,0x00000108,1,1,GTFS
BD4000,46,Hold_persontrap1,0,923,1773,1159,1830,,,0x00000108,1,1,GTHP
BD4100,0,TransBD4300,2,1758,666,1919,779,BD4300,Exitbd4100,0x00000204,0,0,
BD4100,1,TransBD4000,2,1538,323,1683,464,BD4000,Exitbd4100,0x00000204,0,0,
BD4100,2,Infopoint_Antlers,1,414,885,483,929,,,0x00000000,0,0,
BD4100,3,Infopoint_Decor,1,1074,1402,1187,1473,,,0x00000000,0,0,
BD4100,4,Infopoint_Doors,1,778,1195,1004,1383,,,0x00000000,0,0,
BD4100,5,Infopoint06,1,1024,399,1043,466,,,0x00000000,0,0,
BD4100,6,Infopoint07,1,791,548,813,613,,,0x00000000,0,0,
BD4100,7,Infopoint08,1,1140,1482,1220,1526,,,0x00000000,0,0,
BD4100,8,Infopoint09,1,1630,778,1701,826,,,0x00000000,0,0,
BD4300,0,BD5200Entrance,2,991,1909,1152,2015,BD5200,Bd4300pulley,0x00000204,0,0,
BD4300,1,Portal,1,476,333,761,513,,,0x00000500,1,0,BDPORT01
BD4300,2,TransBD4100,2,1957,502,2207,734,BD4100,Exitbd4300,0x00000704,1,0,
BD4300,3,Water_supplies,1,204,1200,425,1309,,,0x00000000,0,0,BDWATERS
BD4300,4,Food_supplies,1,1536,1570,1634,1649,,,0x00000000,0,0,BDFOODS
BD4300,5,Infopoint06,0,999,649,1019,668,,,0x00000000,0,0,
BD4300,6,Infopoint07,1,1072,968,1126,1047,,,0x00000000,0,0,
BD4300,7,Infopoint08,1,668,900,735,946,,,0x00000000,0,0,
BD4300,8,Infopoint09,1,1461,1250,1516,1323,,,0x00000000,0,0,
BD4300,9,Infopoint10,1,1040,1266,1176,1319,,,0x00000000,0,0,
BD4300,10,Infopoint11,1,1379,1307,1454,1383,,,0x00000000,0,0,
BD4300,11,Infopoint12,1,873,826,900,854,,,0x00000000,0,0,
BD4300,12,Infopoint13,1,1189,426,1493,728,,,0x00000000,0,0,
BD4300,13,Infopoint14,1,2113,1149,2369,1340,,,0x00000000,0,0,
BD4300,14,Infopoint15,1,557,1015,614,1073,,,0x00000000,0,0,
BD4300,15,Infopoint16,1,1148,1775,1240,1899,,,0x00000100,1,0,
BD4400,0,TranBD4500,2,2017,0,2339,167,BD4500,Exitbd4400,0x00000604,0,0,
BD4400,1,Portal,1,1179,1121,1472,1299,,,0x00000000,0,0,BDINFO12
BD4400,2,Lava,1,722,670,885,775,,,0x00000000,0,0,BDINFO12
BD4400,3,Lava,1,1953,795,2140,1112,,,0x00000000,0,0,BDINFO12
BD4400,4,Lava,1,1696,1026,1998,1360,,,0x00000000,0,0,BDINFO12
BD4400,5,Lava,1,1850,1246,2074,1548,,,0x00000000,0,0,BDINFO12
BD4400,6,Lava,1,1695,1311,1905,1641,,,0x00000000,0,0,BDINFO12
BD4400,7,Lava,1,1476,1558,1821,1812,,,0x00000000,0,0,BDINFO12
BD4400,8,Lava,1,1230,1621,1522,1863,,,0x00000000,0,0,BDINFO12
BD4400,9,Lava,1,890,1659,1231,1863,,,0x00000000,0,0,BDINFO12
BD4400,10,Lava,1,627,1610,931,1829,,,0x00000000,0,0,BDINFO12
BD4400,11,Lava,1,464,1470,749,1761,,,0x00000000,0,0,BDINFO12
BD4400,12,Lava,1,330,1343,602,1579,,,0x00000000,0,0,BDINFO12
BD4400,13,Lava,1,300,1138,539,1355,,,0x00000000,0,0,BDINFO12
BD4400,14,Lava,1,222,1024,572,1201,,,0x00000000,0,0,BDINFO12
BD4400,15,Lava,1,188,796,466,1032,,,0x00000000,0,0,BDINFO12
BD4400,16,Lava,1,186,606,493,864,,,0x00000000,0,0,BDINFO12
BD4400,17,Lava,1,301,358,557,708,,,0x00000000,0,0,BDINFO12
BD4400,18,Lava,1,440,242,799,592,,,0x00000000,0,0,BDINFO12
BD4400,19,Lava,1,651,174,1072,485,,,0x00000000,0,0,BDINFO12
BD4400,20,Lava,1,958,162,1268,462,,,0x00000000,0,0,BDINFO12
BD4400,21,Lava,1,1176,161,1498,480,,,0x00000000,0,0,BDINFO12
BD4400,22,Lava,1,1428,176,1663,490,,,0x00000000,0,0,BDINFO12
BD4400,23,Lava,1,1969,521,2063,807,,,0x00000000,0,0,BDINFO12
BD4400,24,Lava,1,2062,790,2303,966,,,0x00000000,0,0,BDINFO12
BD4400,25,Lava,1,2201,599,2286,799,,,0x00000000,0,0,BDINFO12
BD4400,26,Lava,1,2203,429,2427,718,,,0x00000000,0,0,BDINFO12
BD4400,27,Lava,1,2195,237,2438,567,,,0x00000000,0,0,BDINFO12
BD4400,28,Lava,1,2267,103,2506,359,,,0x00000000,0,0,BDINFO12
BD4400,29,Stairs,1,1873,435,1880,441,,,0x00000000,0,0,BDINFO12
BD4500,0,TranBD4400,2,76,1735,398,1918,BD4400,Exitbd4500,0x00000604,0,0,
BD4500,1,TranBD4600,2,2134,129,2229,349,BD4600,Exitbd4500,0x00000F04,1,0,
BD4500,2,Hell_bridge,0,1543,826,1574,856,,,0x00000000,0,0,BDHELLBR
BD4500,3,Door,1,2227,114,2321,425,,,0x00000000,0,0,BDINFO12
BD4600,0,TranBD4500,2,413,1462,831,1796,BD4500,Exitbd4600,0x00000604,0,0,
BD4600,1,Hellevator,0,1047,988,1504,1322,,,0x00000100,1,0,BDELEV01
BD4600,2,Infopoint04,1,496,744,1301,1363,,,0x00000000,0,0,
BD4600,3,Infopoint05,1,1152,643,2095,1295,,,0x00000000,0,0,
BD4600,4,Infopoint06,1,1042,1170,1927,1746,,,0x00000000,0,0,
BD4600,5,Elevator_Activation,2,1408,1026,1477,1078,BD4601,Exitbd4600,0x00000704,1,0,
BD4700,0,Hellevator,0,1035,744,1500,1076,,,0x00000000,0,0,BDELEV02
BD4700,1,Infopoint02,1,255,12,1278,839,,,0x00000000,0,0,
BD4700,2,Infopoint03,1,308,951,1236,1715,,,0x00000000,0,0,
BD4700,3,Infopoint04,1,1398,15,2490,683,,,0x00000000,0,0,
BD4700,4,Infopoint05,1,1252,904,2224,1751,,,0x00000000,0,0,
BD4700,5,Infopoint06,1,1701,406,1754,441,,,0x00000000,0,0,
BD4700,6,Infopoint07,1,1852,514,1907,551,,,0x00000000,0,0,
BD4700,7,Infopoint08,1,1994,668,2047,707,,,0x00000000,0,0,
BD5000,0,TranBD5100,2,2551,426,2816,608,BD5100,Exitbd5000,0x00000604,0,0,BDGTSNAR
BD5000,1,Myconidcloud,0,4084,2846,4493,3154,,,0x00000002,0,1,BDSTINK
BD5000,2,Snare1,0,4551,2294,4572,2307,,,0x00000008,0,1,BDGTSNAR
BD5000,3,Snare3,0,3818,3209,3839,3222,,,0x00000008,0,1,BDGTSNAR
BD5000,4,Snare4,0,3591,3408,3612,3421,,,0x00000008,0,1,BDGTSNAR
BD5000,5,Snare5,0,4665,1299,4686,1312,,,0x00000008,0,1,BDGTSNAR
BD5000,6,Goblinambush,0,2050,2666,2474,3037,,,0x00000000,0,1,BDSDD251
BD5000,7,Ff_camp,0,3,4,20,34,,,0x00000000,0,0,
BD5000,8,Neera/voghiln Romance 2,0,186,1393,1031,3835,,,0x00000000,0,1,BDROM14
BD5000,9,Vic Rom 3 / Glint Rom 4,0,1748,1587,3474,2311,,,0x00000002,0,1,BDROM15
BD5000,10,Trap 1,0,3918,1047,4117,1111,,,0x00000108,1,1,GTCK
BD5000,11,Trap 2,0,4320,1022,4441,1418,,,0x00000008,0,1,BDGTSNAR
BD5000,12,Trap 3,0,2599,1682,3014,1703,,,0x00000008,0,1,BD310TR1
BD5000,13,Trap 4,0,2603,1743,2678,1793,,,0x00000008,0,1,BD310TR2
BD5000,14,Trap 5,0,2927,1560,2993,1622,,,0x00000008,0,1,BD310TR2
BD5000,15,Targetp,0,2564,901,2598,941,,,0x00000000,0,0,
BD5000,16,Infopoint18,1,4451,3032,4680,3285,,,0x00000000,0,0,
BD5000,17,Infopoint19,1,4194,2851,4487,3006,,,0x00000000,0,0,
BD5000,18,Infopoint20,1,4446,2716,4825,2916,,,0x00000000,0,0,
BD5000,19,Infopoint21,1,3938,1762,4034,1840,,,0x00000000,0,0,
BD5000,20,Infopoint22,1,688,1236,825,1333,,,0x00000000,0,0,
BD5000,21,trigger_bolt,0,2512,936,2594,1046,,,0x00000000,0,0,BDTARGET
BD5000,22,Neera Rom 2,0,3521,2625,3931,2998,,,0x00000000,0,1,BDROM14
BD5000,23,hidden_thief_cache,1,3836,766,4153,982,,,0x00000100,1,0,
BD5000,24,Mizhena_ambush,1,4915,2215,5070,2264,,,0x00000000,0,0,
BD5100,0,TranBD5000,2,5032,1933,5113,2206,BD5000,Exitbd5100,0x00000204,0,0,
BD5100,1,TranBD5200,2,469,32,635,171,BD5200,Exitbd5100,0x00000A04,0,0,
BD5100,2,Unm_south,0,1842,2022,1888,2068,,,0x00000000,0,0,BDUNMS
BD5100,3,Unm_north,0,2237,1698,2286,1735,,,0x00000000,0,0,BDUNMN
BD5100,4,TranBD0113,2,2524,1678,2659,1815,BD0113,Exitbd5100,0x00000E04,0,0,
BD5100,5,TranBD5300,2,759,1989,894,2146,BD5300,Exitbd5100,0x00000E04,0,0,
BD5100,6,wyrm_sense,0,2334,1724,2715,1980,,,0x00000000,0,0,BD5100AW
BD5100,7,Eye1,0,3962,1728,4312,2076,,,0x00000000,0,0,BDEYE1
BD5100,8,Eye2,0,4282,555,4608,912,,,0x00000000,0,0,BDEYE2
BD5100,9,Eye3,0,2448,677,2774,1034,,,0x00000000,0,0,BDEYE2
BD5100,10,Eye4,0,1500,835,1826,1192,,,0x00000000,0,0,BDEYESW
BD5100,11,Eye5,0,244,645,600,1013,,,0x00000000,0,0,BDEYE3
BD5100,12,Eye6,0,1510,1951,1836,2308,,,0x00000000,0,0,BDEYESE
BD5100,13,Eye7,0,795,2217,1120,2571,,,0x00000000,0,0,BDEYE4
BD5100,14,Eye8,0,2280,2842,2601,3102,,,0x00000000,0,0,BDEYENE
BD5100,15,Eye9,0,3347,3180,3753,3459,,,0x00000000,0,0,BDEYENW
BD5100,16,Eye10,0,2943,1923,3301,2371,,,0x00000000,0,0,BDEYE4
BD5100,17,Eye11,0,2010,1350,2437,1698,,,0x00000000,0,0,BDEYENE
BD5100,18,Eye12,0,3130,1271,3465,1480,,,0x00000000,0,0,BDEYE2
BD5100,19,Eye13,0,1166,1116,1480,1423,,,0x00000000,0,0,BDEYE2
BD5100,20,Eyex,0,319,1778,425,1881,,,0x00000400,0,0,BDEYE5
BD5100,21,Bdredx,1,357,1830,393,1881,,,0x00000100,1,0,BDREDX
BD5100,22,Dragon_guardian,0,867,2282,896,2309,,,0x00000002,0,0,BDDRAGSP
BD5100,23,TranBD5110,2,3427,1139,3618,1320,BD5110,Exitbd5100,0x00000604,0,0,
BD5100,24,Ff_camp,0,3,4,20,34,,,0x00000000,0,0,
BD5100,25,Rsvnvd Rom 4/3 / Corwin Rom 5,0,3961,1411,4160,1649,,,0x00000002,0,1,BDROM16
BD5100,26,Glint Rom 2 / Rsvnvd Rom 4/5,0,553,807,1132,1370,,,0x00000002,0,1,BDROM17
BD5100,27,Drowpit,0,1835,428,1930,469,,,0x00000400,0,0,
BD5100,28,Crusexit,0,1247,331,1371,546,,,0x00000000,0,0,
BD5100,29,Bellowgulp,0,2706,550,2738,575,,,0x00000002,0,1,BD5100BE
BD5100,30,Dark_mage_spawn,0,866,2237,895,2264,,,0x00000002,0,0,BDDMSPWN
BD5100,31,Trap_entangle1,0,731,2898,906,2909,,,0x00000008,0,1,BDGT012
BD5100,32,Info_drow_pit,1,1616,334,1991,469,,,0x00000000,0,0,
BD5100,33,Info_sahuagin_barrels1,1,4632,657,4678,727,,,0x00000000,0,0,
BD5100,34,Info_sahuagin_barrels2,1,4323,864,4351,900,,,0x00000000,0,0,
BD5100,35,Info_sahuagin_barrels3,1,4228,883,4265,915,,,0x00000000,0,0,
BD5100,36,Info_ferrusk_tree,1,4112,3088,4622,3487,,,0x00000000,0,0,
BD5100,37,Info_ferrusk_mushroom,1,3179,3357,3315,3470,,,0x00000000,0,0,
BD5100,38,Info_dwarven_statue,1,997,2080,1087,2266,,,0x00000000,0,0,
BD5100,39,Info_depot1,1,4491,1796,4639,1981,,,0x00000000,0,0,
BD5100,40,Info_depot2,1,4439,2079,4555,2185,,,0x00000000,0,0,
BD5100,41,Trap_entangle2,0,2172,2730,2273,2807,,,0x00000008,0,1,BDGT012
BD5100,42,Eyex_place,1,319,1778,425,1881,,,0x00000500,1,0,BDEYE5
BD5110,0,TranBD5100,2,441,1143,721,1308,BD5100,Exitbd5110,0x00000204,0,0,
BD5110,1,Ff_camp,0,3,4,20,34,,,0x00000000,0,0,
BD5110,2,Infopoint03,1,1064,278,1244,495,,,0x00000000,0,0,
BD5110,3,Info_ettin,1,1105,562,1198,623,,,0x00000000,0,0,
BD5200,0,TranBD5100,2,1475,1797,1800,1869,BD5100,Exitbd5200,0x00000204,0,0,
BD5200,1,BD4300Entrance,2,1311,698,1515,843,BD4300,Bd5200pulley,0x00000304,1,0,
BD5200,2,Ff_camp,0,3,4,20,34,,,0x00000000,0,0,
BD5200,3,Corwin Rom 4 / Glint Rom 3,0,956,1040,1916,1460,,,0x00000000,0,1,BDROM18
BD5200,4,Ogre_cage1,1,1999,1298,2070,1393,,,0x00000000,0,0,BDSCAGE
BD5200,5,Ogre_cage2,1,2082,1328,2148,1435,,,0x00000000,0,0,BDSCAGE
BD5200,6,Ogre_cage3,1,2157,1365,2216,1480,,,0x00000000,0,0,BDSCAGE
BD5200,7,Infopoint08,1,449,248,647,389,,,0x00000000,0,0,
BD5200,8,Infopoint10,1,2014,332,2083,395,,,0x00000000,0,0,
BD5200,9,Infopoint11,1,2157,359,2208,455,,,0x00000000,0,0,
BD5200,10,Infopoint12,1,1811,1626,1924,1664,,,0x00000000,0,0,
BD5200,11,Lift_wheel,1,1541,659,1624,788,,,0x00000000,0,0,
BD5200,12,Lift_ropes,1,1314,673,1507,834,,,0x00000500,1,0,BDLIFT
BD5300,0,TranBD5100,2,487,12,675,175,BD5100,Exitbd5300,0x00000204,0,0,
BD5300,1,Darkmagespawn,0,823,846,1072,993,,,0x00000102,1,1,BDDMSPWN
BD5300,2,Ff_camp,0,3,4,20,34,,,0x00000000,0,0,
BD5300,3,Slowtrap,0,596,313,683,371,,,0x00000008,0,1,GT027
BD5300,4,Chaostrap,0,1560,505,1623,636,,,0x00000408,0,1,BDGT010
BD5300,5,Infopoint07,1,279,521,331,624,,,0x00000000,0,0,
BD5300,6,Infopoint08,1,394,336,449,421,,,0x00000000,0,0,
BD5300,7,Infopoint09,1,917,318,975,393,,,0x00000000,0,0,
BD5300,8,Infopoint10,1,1103,416,1148,513,,,0x00000000,0,0,
BD5300,9,Infopoint11,1,1385,456,1446,537,,,0x00000000,0,0,
BD5300,10,Infopoint12,1,1680,347,1721,435,,,0x00000000,0,0,
BD5300,11,Infopoint13,1,1927,309,1983,387,,,0x00000000,0,0,
BD5300,12,Infopoint14,1,2119,443,2159,541,,,0x00000000,0,0,
BD5300,13,Infopoint15,1,310,1085,346,1190,,,0x00000000,0,0,
BD5300,14,Infopoint16,1,1349,953,1389,1047,,,0x00000000,0,0,
BD5300,15,Infopoint17,1,1605,1030,1656,1120,,,0x00000000,0,0,
BD5300,16,Infopoint18,1,291,621,822,948,,,0x00000000,0,0,
BD5300,17,Infopoint19,1,972,641,1321,876,,,0x00000000,0,0,
BD5300,18,Fugue_portal,1,667,1152,1129,1449,,,0x00000000,0,0,BDFUGUE
BD6000,0,TranBD0105,2,1035,1923,1239,2071,BD0105,Exitbd6000,0x00000304,1,0,
BD6000,1,TranBD6200,2,1476,2935,1745,3211,BD6200,Exitbd6000,0x00000204,0,0,
BD6000,2,Waterfall,0,3292,1728,3843,2395,,,0x00000002,0,0,BDWATERF
BD6000,3,Confrontation,0,2953,1445,3547,1869,,,0x00000002,0,1,BDSEWER
BD6000,4,Infopoint07,1,2252,828,2396,932,,,0x00000000,0,0,
BD6000,5,Infopoint08,1,3384,1031,3455,1126,,,0x00000000,0,0,
BD6000,6,Infopoint09,1,3731,2776,3850,2877,,,0x00000000,0,0,
BD6000,7,Infopoint10,1,979,1963,1185,2108,,,0x00000000,0,0,
BD6000,8,Infopoint11,1,3670,2345,3854,2626,,,0x00000000,0,0,
BD6200,0,TranBD6000,2,1066,263,1309,502,BD6000,Exitbd6200,0x00000604,0,0,
BD7000,0,Tran_bd0115,2,28,57,270,332,BD0115,Exitbd7000,0x00000204,0,0,
BD7000,1,SDD123LN1,0,630,474,1031,812,,,0x00000212,0,0,BD123LN1
BD7000,2,SDD123LN2,0,386,361,976,714,,,0x00000212,0,0,BD123LN2
BD7000,3,Ff_camp,0,3,4,20,34,,,0x00000000,0,0,
BD7000,4,Trap_dire_charm,0,330,407,489,548,,,0x00000008,0,1,GTDC
BD7000,5,Trap_poison_darts,0,294,376,454,512,,,0x00000008,0,1,GDARTS
BD7000,6,Trap_spear,0,168,340,455,356,,,0x00000008,0,1,GSPEAR
BD7000,7,Trap_energy_drain,0,186,210,368,328,,,0x00000008,0,1,GT023
BD7000,8,Infopoint09,1,2340,1765,2557,1905,,,0x00000000,0,0,
BD7000,9,Infopoint10,1,458,356,552,420,,,0x00000000,0,0,
BD7000,10,Sddskie1,0,2138,458,2155,471,,,0x00000000,0,1,BDSDDSKI
BD7000,11,Skie_escape,0,2546,353,2554,358,,,0x00000000,0,0,
BD7100,0,TransBD7110,2,822,937,1073,1153,BD7110,Exitbd7100,0x00000204,0,0,
BD7100,1,Ff_camp,0,1,3116,1443,3839,,,0x00000002,0,1,BDFFCAMP
BD7100,2,Banter_trigger2,0,1507,1593,3037,2315,,,0x00000002,0,1,BDTALK02
BD7100,3,Viconia Romance 1,0,44,1924,2176,3503,,,0x00000000,0,1,BDROM03
BD7100,4,Glint Romance 1,0,1175,1535,4599,3807,,,0x00000000,0,1,BDROM04
BD7100,5,Rasaad/safana Romance 2,0,1726,955,4877,2243,,,0x00000000,0,1,BDROM05
BD7100,6,Corwin Romance 2,0,1500,19,4373,1592,,,0x00000000,0,1,BDROM06
BD7100,7,Trap_web,0,131,1973,731,2151,,,0x00000008,0,1,GTWEB
BD7100,8,Trap_web,0,4104,1353,4881,1658,,,0x00000008,0,1,GTWEB
BD7100,9,Infopoint10,1,1049,1101,1098,1224,,,0x00000000,0,0,
BD7100,10,Infopoint11,1,3110,458,3212,551,,,0x00000000,0,0,
BD7100,11,Infopoint12,1,3468,2257,3679,2390,,,0x00000000,0,0,
BD7100,12,Bandits_escape,0,4712,2491,4719,2501,,,0x00000000,0,0,
BD7110,0,Light_Torch,1,1342,394,1375,431,,,0x00000502,1,1,BDTORCH
BD7110,1,TranBD7100,2,930,965,1211,1122,BD7100,Exitbd7110,0x00000204,0,0,
BD7110,2,Ff_camp,0,3,4,20,34,,,0x00000000,0,0,
BD7110,3,Infopoint04,1,369,428,610,625,,,0x00000000,0,0,
BD7110,4,Infopoint05,1,1165,683,1247,731,,,0x00000000,0,0,
BD7110,5,Infopoint06,1,1286,323,1400,389,,,0x00000100,1,0,
BD7110,6,Infravision_text,0,1320,560,1497,583,,,0x00000002,0,1,BDINFR01
BD7200,0,Trans_bd0114,2,1671,1524,1819,1687,BD0114,Exitbd7200,0x00000604,0,0,
BD7200,1,Tran_bd7210,2,1976,264,2166,406,BD7210,Exitbd7200,0x00000604,0,0,
BD7200,2,Infopoint03,1,1625,770,1766,982,,,0x00000000,0,0,
BD7210,0,Tran_bd7200,2,186,1208,374,1375,BD7200,Exitbd7210,0x00000604,0,0,
BD7210,1,Ff_camp,0,3,4,20,34,,,0x00000000,0,0,
BD7210,2,TranBD7220,2,1665,1239,1909,1494,BD7230,ExitBD7220,0x00000604,0,0,
BD7220,0,TranBD7210,2,423,291,591,547,BD7210,Exitbd7220,0x00000604,0,0,
BD7220,1,TranBD7230,2,1935,457,2076,685,BD7230,Exitbd7220,0x00000604,0,0,
BD7220,2,Trap_spear,0,882,877,1011,902,,,0x00000008,0,1,GSPEAR
BD7220,3,Trap_greater_command,0,1342,1054,1472,1151,,,0x00000008,0,1,BDGT009
BD7220,4,Infopoint05,1,739,1465,1067,1639,,,0x00000000,0,0,
BD7220,5,Infopoint06,1,1311,1452,1352,1514,,,0x00000000,0,0,
BD7220,6,Infopoint07,1,1587,306,1670,391,,,0x00000000,0,0,
BD7220,7,Infopoint08,1,818,310,883,354,,,0x00000000,0,0,
BD7220,8,Infopoint09,1,1149,360,1203,430,,,0x00000000,0,0,
BD7230,0,Mask1,1,2656,2201,2677,2232,,,0x00000400,0,0,BDMASK
BD7230,1,Mask2,1,2696,2169,2717,2200,,,0x00000400,0,0,BDMASK
BD7230,2,Mask3,1,2736,2139,2757,2170,,,0x00000400,0,0,BDMASK
BD7230,3,Mask4,1,2657,2226,2678,2257,,,0x00000400,0,0,BDMASK
BD7230,4,Mask5,1,2697,2193,2718,2224,,,0x00000400,0,0,BDMASK
BD7230,5,Mask6,1,2737,2162,2758,2193,,,0x00000400,0,0,BDMASK
BD7230,6,Trap_hold_person,0,1461,1194,1595,1289,,,0x00000008,0,1,GTHP
BD7230,7,Trap_fireball,0,822,1539,946,1642,,,0x00000008,0,1,GTFB
BD7230,8,Trap_flame_strike,0,3199,1201,3324,1300,,,0x00000008,0,1,GTFS
BD7230,9,Trap_dire_charm,0,2763,2023,2954,2160,,,0x00000008,0,1,GTDC
BD7230,10,Trap_confusion,0,2300,2136,2434,2243,,,0x00000008,0,1,GTCON
BD7230,11,TranBD7220,2,1222,333,1544,611,BD7210,ExitBD7220,0x00000604,0,0,
BD7230,12,Lever,1,1931,452,1995,565,,,0x00000400,0,1,BDLEVER2
BD7230,13,Pit,1,1888,731,2103,902,,,0x00000000,0,0,
BD7230,14,Trap_ambush,0,2455,2207,2524,2483,,,0x00000000,0,1,BD7230AM
BD7230,15,Dragon_mural,1,125,1014,349,1319,,,0x00000000,0,0,
BD7230,16,Trap_hold_person,0,1909,1360,2122,1505,,,0x00000008,0,1,GTHP
BD7230,17,Mask_wall,1,2654,2130,2764,2265,,,0x00000100,1,0,
BD7230,18,Glass_thingy,1,1225,2039,1411,2166,,,0x00000000,0,0,
BD7230,19,Table,1,3206,1556,3274,1606,,,0x00000000,0,0,
BD7230,20,Pillars,1,3046,288,3269,738,,,0x00000000,0,0,
BD7230,21,Akannas_shelves,1,3579,1077,3644,1192,,,0x00000000,0,0,BD7230IN
BD7230,22,Shelf,1,3817,1181,3885,1235,,,0x00000000,0,0,BD7230IN
BD7230,23,Fire_pit,1,2039,1542,2093,1578,,,0x00000000,0,0,
BD7230,24,Door02_info,1,2336,2106,2449,2259,,,0x00000000,0,0,
BD7300,0,Tran_bd7310,2,4337,1295,4478,1400,BD7310,Exitbd7300,0x00000E04,0,0,
BD7300,1,Ff_camp,0,3,4,20,34,,,0x00000000,0,0,
BD7300,2,Glint Romance 1/2,0,1415,1113,2901,3835,,,0x00000000,0,1,BDROM11
BD7300,3,Dorn Romance 2,0,2679,416,4146,1769,,,0x00000000,0,1,BDROM12
BD7300,4,Corwin Romance 3,0,3865,339,4493,1347,,,0x00000000,0,1,BDROM13
BD7300,5,Coalition Exit,0,1450,1889,1861,2377,,,0x00000000,0,0,
BD7300,6,Infopoint08,1,3896,1297,4032,1449,,,0x00000000,0,0,
BD7300,7,Trap_arrow_biting01,0,3786,1996,3866,2047,,,0x00000008,0,1,GTAR5
BD7300,8,Bdure6,0,970,3255,1102,3315,,,0x00000000,0,1,BDURE6
BD7300,9,Trandbd1010,2,1391,784,1537,918,BD1010,Exitbd7300,0x00000604,0,0,
BD7300,10,Planar_exit,0,5071,1447,5088,1465,,,0x00000000,0,0,
BD7310,0,TranBD7300,2,553,265,647,407,BD7300,Exitbd7310,0x00000204,0,0,
BD7310,1,Ff_camp,0,679,58,696,88,,,0x00000000,0,0,
BD7400,0,TranBD7410,2,1688,1484,1767,1534,BD7410,Exitbd7400,0x00000E04,0,0,
BD7400,1,Ancient Blackthorn Tree,1,1814,238,1962,430,,,0x00000400,0,1,BDSDD302
BD7400,2,Infopoint04,1,879,577,934,618,,,0x00000000,0,0,
BD7400,3,Infopoint05,1,2141,1680,2193,1719,,,0x00000000,0,0,
BD7400,4,Infopoint06,1,692,994,730,1031,,,0x00000000,0,0,
BD7400,5,Belladonna1_inactive,1,762,982,925,1039,,,0x00000100,1,0,
BD7400,6,Belladonna2_inactive,1,1131,1019,1196,1075,,,0x00000100,1,0,
BD7400,7,Belladonna3_inactive,1,1195,1049,1254,1096,,,0x00000100,1,0,
BD7400,8,Belladonna1_active,1,762,982,925,1039,,,0x00000400,0,0,BDBELLAD
BD7400,9,Belladonna2_active,1,1131,1019,1196,1075,,,0x00000400,0,0,BDBELLAD
BD7400,10,Belladonna3_active,1,1195,1049,1254,1096,,,0x00000400,0,0,BDBELLAD
BD7410,0,TranBD7400,2,791,385,831,469,BD7400,Exitbd7410,0x00000604,0,0,
BD7410,1,Infopoint05,1,645,484,720,592,,,0x00000000,0,0,
BD7410,2,Infopoint06,1,932,464,978,518,,,0x00000000,0,0,
BD7410,3,Trap_poison_dart,0,529,570,627,629,,,0x00000008,0,1,GDARTS
BD7410,4,Trap_horror,0,435,404,467,429,,,0x00000008,0,1,GT025
BD7410,5,Trap_hold_person,0,332,425,363,450,,,0x00000008,0,1,GTHP
